hinc,unemployed,age,married,migback,health,happiness
1100,0,64,0,0,6,8
3000,0,69,0,0,6,7
2000,0,69,0,0,3,8
2000,0,60,1,0,3,4
2000,0,59,1,0,6,6
3700,0,33,0,0,8,8
10000,0,46,0,0,8,7
5000,0,85,1,0,7,8
5000,0,77,1,0,8,7
1870,0,77,0,0,6,7
2500,0,73,1,0,6,7
2500,0,65,1,0,3,8
1100,1,42,0,0,0,4
1300,0,78,0,0,8,4
2810,0,51,1,0,5,5
5600,0,55,1,1,8,8
5600,0,55,1,0,2,5
5600,0,21,0,0,9,7
3500,0,45,0,0,10,8
3000,0,66,1,0,8,8
3000,0,65,1,0,6,8
1423,0,51,0,0,8,8
2100,0,80,0,0,9,8
1800,0,67,1,0,7,7
1800,0,62,1,0,0,8
2500,0,69,1,0,8,9
2500,0,64,1,0,8,8
2300,0,38,1,0,8,9
3200,0,56,1,0,4,8
3200,0,54,1,0,7,7
3200,0,24,0,0,7,8
3200,0,23,0,0,7,8
3200,0,17,0,0,NA,NA
1600,0,57,0,0,5,7
1712,0,55,1,0,0,2
2800,0,34,1,0,3,9
800,0,29,0,0,8,7
1712,0,29,0,0,7,7
1712,0,47,1,0,9,6
3500,0,50,0,0,7,8
3500,0,56,1,0,7,8
3500,0,52,1,0,7,8
2500,0,46,1,0,7,7
2500,0,43,1,0,8,8
2500,0,17,0,0,NA,NA
3800,0,45,1,0,8,10
1951,0,68,1,0,7,8
5200,0,50,1,0,5,6
5200,0,48,1,0,7,8
3000,0,77,0,0,7,6
2450,0,68,1,1,6,9
2450,0,66,1,0,7,9
2600,0,89,1,0,5,7
2600,0,79,1,0,5,7
6000,0,58,1,1,8,9
6000,0,52,1,0,8,9
6000,0,25,0,0,5,7
1800,0,23,0,0,7,9
1250,0,60,0,0,7,7
4000,0,53,1,0,5,8
1140,0,31,0,0,7,5
2400,0,73,1,0,8,8
2400,0,71,1,0,9,9
4700,0,71,1,0,9,9
4700,0,67,1,0,7,8
4400,0,44,1,0,8,7
3000,0,40,1,0,8,7
1500,0,66,0,0,9,9
8300,0,36,0,0,8,8
3300,0,34,1,0,7,9
4000,0,66,1,0,8,8
4000,0,65,1,0,5,8
4000,0,43,0,0,4,4
1800,0,66,0,0,3,4
2600,0,50,0,0,9,9
3650,0,38,0,0,8,8
2870,0,74,1,0,5,8
2870,0,70,1,0,8,9
4700,1,46,1,0,7,8
1300,0,90,0,0,3,10
5200,0,52,1,0,3,9
2200,0,57,0,0,4,4
2750,0,32,0,0,10,9
2900,0,30,0,0,10,10
2200,0,48,0,0,8,10
4500,0,56,1,0,7,8
1000,0,58,0,0,7,8
1900,0,53,0,0,4,3
1900,0,27,0,0,9,8
4500,0,56,1,0,8,7
4500,0,45,1,0,5,7
2190,0,65,0,0,8,8
2190,1,39,0,0,9,8
3260,0,48,1,1,8,9
1700,0,74,1,0,9,9
1700,0,75,1,1,9,9
3700,0,49,1,0,7,8
4900,0,65,1,0,4,6
4900,0,61,1,0,5,7
1900,0,72,0,0,7,8
4050,0,52,1,0,7,9
3100,0,49,1,0,6,7
2100,0,68,0,0,7,6
2100,0,70,1,0,9,10
3000,0,46,1,0,9,10
2350,0,67,0,0,2,5
4300,0,44,1,0,7,8
3750,0,39,1,0,7,8
2800,0,73,1,0,3,6
2800,0,70,1,0,3,8
4400,0,60,1,0,5,7
4400,0,58,1,0,5,5
5200,0,58,1,0,8,8
5200,0,58,1,1,7,8
1100,0,22,0,1,10,10
1900,0,74,0,0,9,8
1380,0,74,0,0,5,5
2400,0,53,0,0,8,6
1300,0,59,0,0,5,5
3936,0,57,1,0,4,5
5500,0,75,1,0,5,7
5500,0,58,1,0,8,9
630,0,82,0,0,8,9
5500,0,62,1,0,6,7
5500,0,56,1,0,3,7
1950,0,84,0,0,7,9
4618,0,52,1,0,7,8
4400,0,35,1,1,7,6
NA,0,61,1,0,6,6
NA,0,63,1,0,8,7
1925,0,76,1,0,5,8
1925,0,70,1,0,8,8
1300,0,80,0,0,6,8
3600,0,52,1,0,7,7
1700,0,69,0,0,3,4
3500,0,50,1,0,4,3
5500,0,47,1,0,3,4
3500,0,60,1,0,2,2
700,1,62,0,0,6,8
4000,0,40,1,0,5,7
3500,0,51,1,0,7,5
4200,0,78,1,0,6,5
4200,0,74,0,0,5,8
4200,0,50,0,0,5,7
4200,1,48,0,0,7,7
1568,0,79,0,0,8,8
3933,0,44,0,0,9,8
5800,0,72,1,0,3,7
5800,0,67,1,0,8,8
800,0,72,0,0,4,7
5500,0,46,1,0,7,8
2600,0,39,0,0,8,8
6000,0,65,1,0,8,8
6000,0,58,1,0,8,9
6000,0,25,0,0,NA,7
6000,0,22,0,0,7,7
7500,0,66,1,0,7,7
7500,0,62,1,0,8,9
2500,0,57,1,0,3,4
1200,0,38,0,1,7,7
3800,0,54,1,0,7,4
2800,0,28,1,0,2,4
2000,0,73,1,0,5,NA
2000,0,78,0,0,7,8
1900,0,72,1,1,8,8
1900,0,75,1,0,8,8
2700,0,61,1,0,7,8
2700,0,58,1,1,8,8
1500,0,70,1,0,5,8
1500,0,67,1,0,6,8
2900,0,42,1,0,6,7
1800,0,71,0,1,5,5
1700,0,66,0,1,6,7
3200,0,67,1,0,9,10
1600,0,42,0,1,3,5
10660,0,73,1,0,8,8
10660,0,73,1,0,8,8
10660,0,39,0,0,8,8
10660,0,36,0,0,9,8
3000,0,71,1,0,9,9
3000,0,68,1,1,6,6
1749,0,81,0,0,4,7
840,0,50,0,1,1,1
3100,0,75,0,0,7,8
5300,0,54,1,1,4,7
7760,0,54,1,1,5,8
1675,0,72,1,0,6,7
1675,0,68,1,0,7,8
1380,0,45,0,0,7,7
3000,0,43,1,0,8,3
5000,0,45,1,0,8,8
1450,0,75,0,0,9,8
1450,0,48,0,0,9,9
1450,0,47,1,1,10,9
1434,0,78,1,0,4,7
1434,0,75,1,0,7,8
3500,0,76,1,0,6,7
3500,0,78,1,0,3,6
2965,0,76,1,1,5,6
3063,0,64,0,0,5,7
2800,0,71,1,0,7,7
2800,0,69,1,0,5,8
2600,0,44,0,0,7,8
1100,0,85,1,0,7,7
1100,0,86,1,0,3,7
900,0,82,0,0,7,8
1727,0,51,0,0,6,7
2167,0,79,0,0,3,5
400,0,49,0,0,5,6
3300,0,38,1,0,7,7
6300,0,51,0,0,8,8
1600,0,33,0,0,4,7
6500,0,49,1,0,8,8
1100,0,57,0,0,8,8
2600,0,59,0,0,5,8
1831,0,66,0,0,8,8
5200,0,60,1,0,5,8
5200,0,60,1,0,8,8
1244,0,78,0,0,4,9
1099,0,80,0,0,4,8
2200,0,44,0,0,7,6
NA,0,56,1,0,3,3
2242,0,68,0,0,6,5
4727,0,67,1,0,6,8
4727,0,74,1,0,8,8
3050,0,47,1,0,9,8
2484,0,45,0,0,8,8
3000,0,56,1,0,8,8
2459,0,68,1,0,6,6
2459,0,66,1,0,5,5
2459,0,26,0,0,7,7
950,0,32,0,1,1,5
4000,0,35,1,1,6,6
1211,0,71,0,1,8,10
3500,0,46,0,1,7,8
NA,0,86,0,0,10,10
800,0,82,0,1,5,6
1000,0,82,1,0,6,6
1000,0,81,1,0,8,7
3900,0,51,1,0,5,6
1134,0,59,0,0,7,7
4000,0,59,1,0,8,8
4000,0,53,1,0,7,9
682,0,24,0,0,10,8
4000,0,22,0,0,10,9
2000,0,74,1,0,6,6
1850,0,84,0,0,3,8
4000,0,55,1,0,9,8
5500,0,51,1,0,6,7
3200,0,50,0,1,6,6
2400,0,58,1,0,7,7
2400,0,54,1,0,7,7
5800,0,27,0,0,7,8
2000,0,77,1,0,5,8
14500,0,59,1,0,9,9
720,0,81,0,0,5,10
1511,0,52,0,0,5,5
4300,0,48,1,0,7,8
4000,0,76,1,0,4,7
4000,0,75,1,0,8,7
3600,0,69,1,0,7,8
3600,0,67,1,0,8,8
7500,0,42,1,0,9,9
5000,0,39,0,0,8,8
3000,0,30,1,0,8,8
2000,0,71,0,0,6,6
2800,0,66,1,1,8,8
3000,0,38,1,0,9,8
6000,0,82,0,1,7,6
805,0,57,0,0,4,5
1150,0,78,0,0,2,5
2300,0,46,0,1,4,8
3000,0,68,1,0,4,8
3600,0,83,0,0,4,5
6500,0,52,1,0,4,6
2080,0,73,1,0,6,7
4700,0,53,1,1,3,3
1750,0,76,0,0,3,7
5000,0,66,1,0,8,9
5000,0,64,1,0,8,9
3360,0,37,1,0,8,9
5200,0,33,1,0,9,9
4600,0,71,1,0,8,8
4600,0,68,1,0,6,8
3000,0,75,1,0,6,7
3000,0,71,1,0,6,6
10000,0,67,0,1,8,9
10000,0,68,0,0,4,7
4600,0,54,0,0,9,7
2250,0,25,0,0,5,7
4600,0,62,0,0,7,8
2400,0,80,1,0,4,7
2400,0,79,1,0,10,7
5000,0,47,1,1,7,7
2000,0,76,1,0,7,8
2000,0,67,1,0,7,8
2000,0,35,0,0,10,10
4900,0,71,1,1,8,8
4900,0,69,1,0,6,8
2800,0,33,1,0,NA,9
2400,0,65,1,0,3,5
2400,0,63,1,1,9,9
2400,0,29,0,0,6,8
4200,0,69,1,0,4,5
4200,0,63,1,0,7,7
3300,0,41,1,0,7,8
4200,1,25,0,0,5,5
3000,0,79,1,0,5,5
3000,0,72,1,0,7,7
6000,0,53,1,0,10,9
1600,1,48,0,0,8,7
5600,0,51,1,0,8,8
2200,0,75,1,0,7,2
2200,0,73,1,1,5,8
6700,0,62,1,0,4,7
6700,0,65,1,0,4,6
1100,0,66,0,0,9,8
NA,0,87,0,0,7,7
NA,0,64,1,0,7,8
NA,0,69,1,0,5,7
NA,0,60,1,0,5,7
3300,0,56,1,0,5,7
3300,0,52,1,0,7,8
800,0,25,0,0,9,9
1500,0,23,0,0,8,8
2000,0,92,0,0,8,9
10000,0,58,0,0,5,8
1919,0,79,0,0,8,8
3500,0,53,1,0,7,8
3800,0,53,1,0,3,8
4500,0,57,1,0,8,8
4500,0,59,1,0,7,8
2200,0,57,0,0,7,7
3000,0,31,1,0,8,7
2200,0,23,0,0,8,5
1800,0,56,0,0,6,7
2000,0,52,1,0,5,7
6800,0,54,1,0,9,9
6800,0,54,1,0,7,7
2400,0,39,0,0,5,7
3768,0,66,1,0,6,8
3000,0,55,1,0,8,8
3000,0,60,1,0,5,5
1745,0,72,0,1,8,7
4500,0,62,1,0,8,8
4000,0,62,1,0,8,8
4500,0,63,1,1,7,8
1750,0,84,0,0,3,7
2300,0,74,0,0,7,8
NA,0,62,0,0,4,7
4100,0,70,1,0,5,8
4100,0,59,1,0,7,9
1860,0,79,1,0,7,9
1860,0,84,1,0,8,6
3200,0,61,1,0,3,3
3200,0,24,0,0,7,8
3200,0,65,1,0,0,5
NA,0,21,0,0,7,10
2500,0,71,0,1,7,5
1100,0,71,0,0,5,8
2300,0,47,0,0,7,7
3600,0,32,1,1,9,9
1900,0,56,0,0,8,9
3600,0,54,0,0,4,8
1150,0,76,1,0,6,7
1150,0,74,1,0,9,7
5768,0,49,1,0,10,8
4600,0,29,1,0,7,8
NA,0,69,1,0,9,9
NA,0,67,1,0,9,10
6000,0,41,1,0,8,8
3300,0,54,1,0,6,8
3300,0,53,1,0,5,9
3900,0,77,1,0,8,8
5000,0,75,1,0,0,2
5000,0,71,1,0,7,8
5000,0,32,0,0,9,8
4300,0,56,1,0,6,7
3482,0,76,1,0,8,8
3482,0,75,1,0,9,8
3482,0,51,0,0,10,8
3957,0,46,1,0,10,8
4000,0,55,0,0,9,9
6200,0,58,0,0,2,6
2800,0,27,0,0,7,8
1100,0,26,0,0,8,6
2800,0,18,0,0,5,8
7400,0,71,1,0,9,8
7400,0,75,1,0,7,7
7400,0,49,0,0,10,8
2500,0,61,1,0,7,8
2500,0,60,1,0,5,8
2500,0,26,0,0,9,9
3300,0,55,1,0,8,9
3300,0,56,1,0,5,7
3300,0,23,0,0,9,8
3100,0,58,1,0,8,9
2300,1,38,0,0,7,7
3568,0,36,1,0,8,7
NA,0,52,1,0,7,6
3500,0,71,1,0,4,6
1950,0,63,1,0,2,5
1750,0,85,0,0,3,5
1750,0,45,0,0,3,4
3250,0,56,0,0,6,7
1000,0,73,0,0,4,7
1900,0,51,0,0,2,5
1700,0,71,1,0,8,7
1700,0,33,0,0,8,3
1700,0,66,1,0,8,7
NA,0,66,1,0,5,6
NA,0,64,1,0,0,1
2000,0,43,1,0,10,10
583,1,34,0,0,0,5
3400,0,36,0,0,7,8
1800,0,66,1,0,6,8
3600,0,63,1,0,3,6
3600,0,61,1,0,5,6
4400,0,68,1,1,5,7
4400,0,63,1,0,8,9
8500,0,33,0,1,10,10
2600,0,31,1,1,7,8
1200,0,56,1,0,3,4
1200,0,60,1,1,4,5
1432,0,30,0,0,7,7
2200,0,27,0,0,7,6
4500,0,69,1,0,7,8
4500,0,61,1,0,9,8
2700,0,66,1,1,7,8
2700,0,63,1,1,5,6
1200,1,54,0,0,4,8
3200,0,34,1,0,8,8
2140,0,30,1,0,9,8
1200,0,21,0,0,8,7
NA,0,65,1,0,8,8
NA,0,65,1,0,8,9
5000,0,66,1,0,2,9
5000,0,63,1,0,1,3
2400,0,71,1,1,10,7
2400,0,74,1,0,8,8
2800,0,58,0,0,5,8
3000,0,44,1,0,6,7
1800,0,80,1,0,5,8
1800,0,77,1,0,3,7
3700,0,62,1,0,8,8
3700,0,56,1,0,6,7
3700,0,23,0,0,9,8
3714,0,78,1,0,2,4
3714,0,76,1,0,8,8
3750,0,47,1,0,7,7
1900,0,66,0,0,7,8
3150,0,34,1,0,6,8
1600,0,73,1,0,7,6
1600,0,71,1,0,6,8
5000,0,51,1,0,6,7
1400,0,66,0,0,8,8
1800,0,34,0,0,5,7
1813,0,27,0,0,4,4
3000,0,64,1,0,5,8
3000,1,59,1,0,0,7
5000,0,59,1,0,5,7
2200,0,90,0,0,6,6
400,0,60,0,0,6,5
700,0,85,0,0,2,6
6000,0,50,1,0,8,5
3500,0,57,0,0,5,4
3500,0,21,0,0,9,8
4400,0,41,0,0,8,7
3500,0,72,0,0,6,7
3500,0,66,0,0,7,8
2800,0,86,0,0,7,9
NA,0,75,0,1,3,5
6000,0,59,0,0,9,7
2750,0,26,0,0,9,8
6000,0,23,0,0,8,7
5500,0,57,1,0,3,3
5500,0,53,1,0,5,6
3100,0,60,1,0,7,9
3100,0,71,1,1,4,5
3268,0,85,0,0,8,9
3268,0,85,0,0,8,8
NA,0,59,1,0,7,9
NA,0,52,1,0,7,7
NA,0,27,0,0,9,8
NA,0,84,0,0,5,5
5800,0,51,1,0,7,8
1700,0,48,0,0,10,7
1200,0,50,0,0,7,8
4100,0,53,1,0,9,8
5400,0,65,0,0,8,7
1262,1,57,1,1,5,6
1262,0,52,1,0,2,3
725,1,30,0,1,7,7
900,0,77,0,0,5,8
1000,0,67,0,0,1,5
2900,0,52,1,0,2,7
2300,0,72,1,0,7,7
10000,0,50,1,0,7,9
5000,0,47,1,0,8,9
2700,0,65,1,0,6,8
2700,0,66,1,0,5,8
2000,0,45,0,0,10,6
15000,0,32,1,0,7,7
3500,0,66,1,0,8,9
3500,0,62,1,0,8,10
5500,0,41,1,0,8,8
3000,0,40,0,0,8,8
1190,1,58,1,0,0,1
1190,1,61,1,0,7,5
2100,0,64,0,0,6,7
2635,0,59,0,1,5,8
3325,0,77,0,0,5,10
NA,0,51,1,0,8,9
3500,0,66,1,0,7,9
3500,0,65,1,0,4,4
2600,0,79,0,0,8,8
3000,0,47,0,1,4,6
6012,0,71,1,0,6,8
6012,0,72,1,0,8,7
6012,0,35,0,0,7,7
4400,0,53,0,1,8,8
1264,0,78,0,0,6,8
4200,0,76,1,0,3,8
7000,0,37,1,0,8,8
1200,0,63,0,0,7,7
3370,0,60,0,1,6,8
3700,0,27,0,1,6,8
1200,0,24,0,1,8,6
1719,0,80,0,0,7,7
1906,0,86,0,0,7,9
2250,0,76,0,0,5,7
5500,0,49,1,0,7,8
1300,1,62,1,0,1,2
1300,0,62,1,0,3,6
1300,0,58,0,0,8,3
3500,0,45,1,0,7,8
1350,0,70,0,1,10,9
1677,0,79,0,0,8,7
3500,0,59,1,0,7,8
3500,0,67,1,0,5,7
3500,0,19,0,0,8,8
3170,0,65,1,0,7,7
1900,0,73,1,0,9,10
1900,0,72,1,0,9,9
3900,0,50,1,0,7,7
2850,0,43,1,0,8,7
NA,0,36,0,0,8,8
935,0,85,0,1,2,8
2860,0,59,0,1,5,5
2000,0,57,0,0,5,7
3600,0,30,1,0,7,8
2860,0,86,0,0,2,5
3000,0,43,0,0,7,7
4000,0,57,1,1,7,8
4000,0,56,1,0,5,6
4000,0,24,0,0,8,8
4500,0,50,1,0,9,6
4500,0,65,1,0,8,9
4500,0,60,1,0,5,5
4900,0,29,1,0,3,8
2700,0,74,1,0,8,8
2700,0,73,1,0,8,8
4200,0,47,0,0,8,9
3250,0,54,1,1,5,8
4900,0,62,1,0,7,8
2250,0,70,1,0,7,7
2250,0,68,1,0,7,7
3000,0,52,0,0,7,8
3400,0,46,1,0,7,9
1744,0,89,1,0,2,8
1744,0,86,1,0,7,9
2400,0,75,1,0,6,7
2300,0,61,1,0,4,7
2300,0,59,1,0,7,8
NA,0,37,1,0,8,8
3400,0,51,0,0,9,8
5000,0,49,1,0,8,8
5000,0,17,0,1,NA,NA
NA,0,57,1,0,8,8
2440,0,82,1,0,2,5
2440,0,81,1,0,6,7
3900,0,49,1,0,3,8
NA,0,88,0,0,7,7
2800,0,81,1,0,6,5
4100,0,52,0,0,7,7
538,0,73,0,0,3,4
5300,0,50,1,0,4,7
3500,0,64,1,0,6,8
3500,0,82,0,0,10,9
2500,0,64,1,0,7,8
2500,0,55,1,0,4,7
1556,0,35,0,1,6,7
2536,0,79,1,0,6,7
2536,0,76,1,0,7,7
1203,0,91,0,1,1,5
900,0,85,0,0,7,10
1720,0,66,1,1,8,8
1720,0,63,1,0,8,7
1500,0,42,1,1,6,7
3500,0,48,0,0,9,8
620,0,72,0,0,9,9
1096,0,52,0,0,4,3
3000,0,70,1,0,8,8
3000,0,67,1,0,8,8
13000,0,43,1,0,6,6
8000,0,71,1,0,8,8
8000,0,65,1,0,8,9
4400,0,35,1,0,9,9
3560,0,48,1,0,7,8
1900,0,56,1,0,7,7
1043,0,78,0,0,1,3
1600,0,82,0,1,5,8
2500,0,50,1,1,7,8
NA,0,44,1,0,7,8
2000,0,51,0,1,3,4
1800,0,76,1,0,8,8
1800,0,67,1,0,10,8
1200,0,42,0,0,9,9
2300,0,65,1,0,5,8
2300,0,65,1,1,3,9
1591,1,43,0,0,6,8
950,0,80,0,0,5,8
NA,0,55,0,0,8,10
5000,0,47,1,0,7,8
1700,0,81,0,0,5,5
1700,0,73,1,0,9,8
1700,0,74,1,0,7,9
6000,0,43,0,0,8,8
7500,0,47,1,0,8,7
3200,0,59,1,0,3,4
2500,0,49,0,0,6,8
1900,0,76,1,0,6,9
1900,0,66,1,0,8,8
1300,0,91,0,0,5,5
1300,0,59,0,1,5,5
3500,0,64,1,0,10,8
1923,0,74,1,0,7,8
1923,0,70,1,0,7,7
4500,0,42,0,0,6,7
2927,0,59,0,0,7,8
805,0,55,0,0,0,2
614,0,64,0,0,5,7
1350,0,31,0,0,8,7
2218,0,59,0,1,5,6
1800,0,39,0,1,8,8
2468,0,37,1,1,6,8
2218,1,34,0,1,9,4
1932,0,58,1,0,9,10
1932,0,54,1,0,6,8
3000,0,73,1,0,1,5
3000,0,66,1,0,6,7
2000,0,80,0,0,6,7
2550,0,58,1,0,8,8
2550,0,58,1,0,8,8
1165,0,92,0,0,4,7
1400,0,54,0,0,8,5
4000,0,47,1,0,5,8
NA,0,79,0,1,3,9
5000,0,53,1,1,8,8
5000,0,53,1,0,9,9
1060,0,75,0,0,3,6
1228,1,54,0,1,7,8
1324,0,47,0,1,8,8
3500,0,62,1,0,8,8
3500,0,59,1,0,9,10
NA,0,29,0,0,9,10
1500,0,76,1,0,8,8
1500,0,69,1,0,5,8
4100,0,79,0,0,7,8
2100,0,76,1,0,7,7
2100,0,76,1,0,8,8
4500,0,54,0,0,8,8
1840,0,74,1,0,5,6
1840,0,78,1,0,6,8
3800,0,44,1,0,8,8
3200,0,60,0,0,7,7
1100,1,60,1,0,9,8
1100,1,61,1,0,2,7
1050,0,90,0,0,7,8
2000,0,81,0,0,7,7
2000,0,49,0,0,7,7
961,0,82,0,0,5,8
3500,0,53,0,0,4,7
1220,0,78,0,0,8,8
1150,0,73,0,0,4,6
3877,0,47,1,0,6,3
3500,0,52,1,0,5,7
3700,0,55,1,0,8,7
3700,0,55,1,0,8,7
2300,0,41,1,0,10,5
2500,0,62,1,0,8,7
2500,0,59,1,0,8,8
7500,0,49,0,0,7,6
3800,0,62,1,0,7,8
4300,0,36,1,0,6,7
3595,0,67,1,0,8,9
3595,0,68,1,1,8,8
5200,0,63,1,0,8,9
3300,0,76,1,0,5,5
3300,0,76,1,1,5,8
3300,0,49,0,1,3,3
3300,0,27,0,0,10,9
4300,0,63,1,0,6,7
4300,0,66,1,0,7,7
NA,0,54,1,1,3,5
1600,0,29,0,0,8,8
NA,0,27,0,0,9,8
2200,0,75,1,0,5,8
2200,0,74,1,0,7,8
3400,0,41,1,0,8,8
950,0,81,0,0,3,6
3300,0,41,1,0,7,8
4250,0,48,1,1,8,8
4200,0,44,1,1,7,8
4000,0,36,1,0,8,8
4200,0,37,1,0,9,9
1600,0,58,0,1,0,5
1600,0,22,0,1,4,5
3900,0,56,1,1,6,7
3900,0,59,1,1,6,8
3000,0,86,1,0,6,8
3000,0,81,1,0,6,8
2450,0,75,1,0,8,8
2450,0,72,1,0,1,1
5780,0,47,1,0,8,8
3600,0,56,1,0,8,9
1200,0,67,0,0,4,7
4300,0,46,1,0,8,8
3300,0,39,1,0,8,8
2000,0,74,0,0,5,7
6500,0,48,1,0,7,6
6500,0,49,1,0,8,8
3000,0,50,0,0,7,9
3500,0,51,0,0,3,8
2000,0,82,0,1,7,6
1900,0,53,1,0,7,7
1900,0,51,1,0,5,7
1900,0,27,0,0,7,7
699,1,49,0,0,7,8
2630,0,47,1,1,7,9
4400,0,50,1,0,7,8
2400,0,55,0,0,8,3
NA,0,64,0,0,7,8
2100,0,25,0,0,8,9
4600,0,46,1,0,8,8
20000,0,57,1,0,8,8
20000,0,52,1,0,8,9
20000,0,20,0,0,10,9
20000,0,18,0,0,8,4
NA,0,59,1,0,9,9
NA,0,54,1,0,5,6
NA,0,24,0,0,4,6
6100,0,67,1,0,7,8
6100,0,65,1,0,8,8
1518,0,80,0,0,9,9
2300,0,56,1,1,7,8
2300,0,68,1,0,3,7
3100,0,46,0,0,8,5
6400,0,56,0,0,9,8
6400,0,24,0,0,10,8
3500,0,56,1,0,5,5
4200,0,54,1,0,7,7
2500,0,51,0,1,5,5
NA,0,77,0,0,5,4
2200,0,61,0,0,5,8
2400,0,68,0,1,5,7
3300,0,64,1,0,8,8
3300,0,59,1,1,7,8
NA,0,33,0,0,7,8
3500,0,31,1,0,7,7
1400,0,76,1,0,3,7
1400,0,76,1,0,7,7
2300,0,77,1,0,7,9
2300,0,76,1,0,5,7
5300,0,42,1,1,9,8
700,0,92,0,0,5,3
2000,0,60,0,0,7,8
1400,0,63,0,0,6,5
1500,0,69,0,0,9,9
1300,0,66,0,0,6,8
1750,0,59,0,0,9,8
2800,0,47,0,0,8,8
6000,0,46,1,0,8,8
1190,0,85,0,0,7,9
5000,0,55,0,0,7,8
420,0,49,0,0,4,7
5000,0,53,1,0,6,9
4800,0,28,0,0,9,9
3600,0,60,1,0,5,7
3600,0,58,1,0,7,9
8000,0,35,1,0,8,8
NA,0,58,1,0,7,7
NA,0,56,0,0,8,8
5000,0,55,1,0,5,8
2000,0,64,0,1,9,6
1700,0,80,0,0,6,8
3100,0,72,1,0,5,7
3100,0,70,1,0,7,8
3000,0,38,0,0,8,7
3100,0,31,0,0,5,9
2600,0,52,1,0,3,2
8000,0,54,1,0,8,8
2100,0,62,0,1,6,7
2500,0,52,1,0,5,6
3700,0,27,0,0,3,1
1350,0,25,0,0,6,7
4300,0,68,1,0,5,5
4300,0,67,1,0,4,4
6000,0,47,1,0,6,5
3200,0,52,0,0,6,7
3200,0,51,0,0,10,10
4700,0,51,1,0,0,5
5900,0,46,1,0,3,4
4700,0,45,1,0,5,6
3300,0,70,0,0,9,8
NA,0,86,1,0,8,9
NA,0,85,1,0,4,5
1000,0,71,0,0,8,7
2500,0,76,0,0,6,7
NA,0,66,0,0,8,8
1700,0,66,1,0,9,8
1700,0,65,1,0,7,7
3580,0,71,1,1,5,6
3580,0,68,1,0,8,8
5000,0,30,0,1,6,8
1850,0,73,0,0,4,7
3750,0,56,1,0,7,7
3750,0,55,1,1,7,8
3750,0,20,0,1,10,9
NA,0,62,0,0,2,7
2220,0,68,0,0,8,8
2900,0,80,0,0,7,8
1300,0,86,0,0,5,7
5500,0,51,1,0,8,8
2300,0,67,0,0,8,6
6000,0,51,1,1,8,7
8500,0,48,1,0,5,9
5600,0,74,1,0,7,7
5600,0,70,1,0,7,8
2000,0,77,0,0,1,8
3540,0,39,0,0,7,9
5000,0,36,1,0,8,8
2553,0,84,1,1,3,2
2553,0,74,1,0,3,6
3900,0,43,1,1,8,7
6762,0,50,1,0,9,9
1813,0,71,0,1,NA,7
3750,0,50,1,0,4,5
2200,0,69,1,0,3,3
2200,0,69,1,1,7,6
5200,0,46,1,0,7,8
NA,0,82,1,0,7,8
NA,0,75,1,0,4,9
8500,0,50,1,0,9,8
5700,0,46,1,0,4,NA
1300,0,83,0,1,2,7
2000,0,81,1,0,3,7
2000,0,80,1,1,4,8
5000,0,52,1,0,8,8
6000,0,46,1,0,8,8
NA,0,70,1,0,4,7
NA,0,64,1,0,6,8
NA,0,32,0,0,7,8
NA,0,55,1,0,8,9
NA,0,55,1,0,8,10
NA,0,24,0,0,9,8
NA,0,18,0,0,9,8
2478,0,61,1,0,5,8
2478,0,66,1,0,9,8
1300,0,39,0,0,3,4
2737,0,69,1,0,2,1
2737,0,61,1,0,6,7
879,0,77,0,0,6,5
2800,0,52,0,0,5,9
3800,0,33,0,0,8,8
600,0,84,1,0,8,8
600,0,76,1,0,7,7
2500,0,47,1,0,8,7
3500,0,46,0,0,9,9
1500,0,73,0,0,5,4
7000,0,51,1,0,8,8
5600,0,50,1,0,7,7
1560,0,83,1,0,4,8
2300,0,50,1,0,6,6
4000,0,45,1,0,6,7
2400,0,72,1,1,2,7
2400,0,66,1,0,6,7
4000,0,48,1,0,4,8
4800,0,46,1,0,6,7
4000,0,73,1,0,4,7
4000,0,72,1,1,6,6
4000,0,32,0,1,7,7
1180,0,84,1,0,4,4
1180,0,72,1,1,7,8
3200,0,45,0,0,8,7
4000,0,36,1,0,8,8
2000,0,68,1,0,8,8
2000,0,61,1,1,3,5
3700,0,50,1,0,6,7
1200,0,41,0,0,3,2
1500,0,64,0,1,4,5
1260,0,67,0,0,7,8
1400,0,79,0,0,2,6
1050,0,78,0,0,4,8
5500,0,56,1,0,3,7
5500,0,52,1,0,4,6
3500,0,56,0,0,6,6
827,0,55,0,0,3,3
3500,0,43,1,0,3,6
3500,0,51,1,0,3,8
4500,0,51,0,0,6,3
NA,0,59,0,0,3,5
1900,0,57,0,0,5,8
2200,0,44,0,0,6,6
3000,0,42,1,0,7,8
1300,0,76,0,0,7,8
829,0,84,0,0,8,8
1250,0,79,0,1,2,7
4200,0,42,1,1,7,8
1300,0,78,0,0,8,9
7000,0,45,1,0,8,8
3600,0,45,1,0,8,5
2900,0,72,0,0,6,7
NA,0,82,1,0,4,NA
NA,0,78,1,0,3,NA
500,0,48,0,0,7,8
3100,0,44,1,0,5,8
500,0,50,0,1,8,8
500,0,22,0,0,7,7
500,0,19,0,0,9,8
1210,0,77,0,0,7,8
2650,0,94,0,0,5,7
4000,0,83,0,0,5,9
1600,0,53,0,0,5,8
2200,0,51,0,0,10,10
4000,0,49,0,0,7,7
3000,0,48,1,0,8,6
1400,0,77,0,0,5,5
2500,0,40,1,0,8,8
1500,0,58,0,0,5,8
500,0,60,1,0,7,9
500,0,56,1,0,8,8
805,0,76,0,0,2,3
2000,1,52,1,0,6,3
NA,0,58,0,0,NA,8
7400,0,74,0,0,7,7
7400,0,54,0,0,9,10
7400,0,46,0,0,10,10
4200,0,57,1,0,9,8
4200,0,59,1,0,9,9
NA,0,81,0,0,4,5
5000,0,43,1,0,7,7
2200,0,48,0,0,6,6
4800,0,38,1,0,7,6
2200,0,64,1,0,4,3
2200,1,62,1,0,3,2
2700,0,37,0,0,4,7
1900,0,27,0,0,5,4
4000,0,63,1,0,7,8
4000,0,57,1,1,7,8
3350,0,32,0,1,9,9
3600,0,25,0,1,6,7
4000,0,22,0,1,8,7
2000,0,75,1,0,7,7
2000,0,76,1,0,5,5
2500,0,65,1,0,9,9
2500,0,64,1,1,8,8
4500,0,38,1,0,7,7
2500,0,65,1,0,6,6
2500,0,62,1,0,8,8
6100,0,40,1,0,8,8
3500,0,36,1,0,9,9
1800,0,75,0,0,5,8
1350,0,67,0,1,5,7
1500,0,79,1,0,5,10
1500,0,68,1,0,10,10
3300,0,60,1,0,5,7
3300,0,57,1,0,8,7
3300,0,24,0,0,6,3
3300,0,22,0,0,8,6
4500,0,60,0,0,8,9
3800,0,65,1,0,6,8
3800,0,63,1,0,4,8
1000,0,27,0,0,5,4
2100,0,72,1,0,9,8
2100,0,70,1,0,4,5
2500,0,45,1,0,8,7
5000,0,52,0,0,9,8
3400,0,77,1,0,4,3
3400,0,73,1,0,1,3
6000,0,49,0,0,8,7
3700,0,59,1,0,6,7
3700,0,59,1,0,8,8
1380,0,34,0,0,6,6
2600,0,31,1,0,7,7
5324,0,43,1,0,8,8
5324,0,42,1,0,8,8
5992,0,52,1,0,6,7
1800,0,51,0,1,7,7
3400,0,32,1,1,4,7
5992,0,56,1,0,7,7
5992,0,22,0,0,9,7
5992,0,19,0,0,10,9
3600,0,44,1,0,3,9
3600,0,74,0,0,5,5
3600,0,38,1,0,10,9
2300,0,76,0,0,8,8
3650,0,45,1,1,5,8
NA,0,43,0,0,7,6
2600,0,67,1,1,NA,8
2600,0,63,1,0,8,8
350,0,82,0,0,8,9
5000,0,43,1,0,8,9
5000,0,46,1,0,7,9
1765,0,67,1,0,9,9
1765,0,67,1,1,4,8
7000,0,61,1,0,5,8
2600,0,47,1,0,9,9
2600,0,45,1,0,7,8
3600,0,71,1,1,5,7
3600,0,61,1,1,3,7
1800,0,62,0,1,7,7
4160,0,38,1,1,7,7
3000,0,35,1,1,7,7
3500,0,48,1,1,9,8
3500,0,80,0,1,5,7
3500,0,55,1,1,5,8
3500,0,58,1,1,9,10
6000,0,48,1,1,8,6
4200,0,49,1,1,7,7
3500,0,51,1,1,8,8
3100,0,62,1,1,5,6
3100,0,58,1,1,5,6
3600,0,39,1,1,5,5
4000,0,71,1,0,8,8
4000,0,54,1,0,5,7
5650,0,59,1,1,4,5
5650,0,54,1,1,6,6
5650,0,32,0,1,7,8
700,0,74,0,1,4,4
3100,0,50,1,1,8,7
2700,0,68,1,1,5,6
2700,0,59,1,1,6,5
2600,1,33,1,1,10,1
1550,0,52,0,1,6,7
1650,0,48,0,1,7,7
3500,0,44,1,1,7,8
2900,0,66,1,1,6,7
2900,0,66,1,1,5,8
5800,0,43,1,1,9,9
1100,1,64,1,1,7,7
1100,0,54,1,1,7,7
1400,1,56,1,1,3,4
1400,0,57,1,1,7,6
1400,0,75,1,1,7,7
1400,0,74,1,0,2,2
2300,0,65,1,1,6,5
2300,0,62,1,1,5,5
3000,0,55,1,1,7,8
3000,0,50,1,1,7,8
3000,0,26,0,1,6,10
1700,0,49,1,1,5,5
3900,0,47,1,1,2,2
801,0,78,0,1,3,6
4700,0,46,0,1,8,8
4900,0,45,1,1,9,9
620,0,44,0,1,5,2
3000,0,52,1,1,3,6
3700,0,56,1,1,8,9
1500,0,51,0,1,5,7
2300,0,48,1,1,8,8
3500,0,49,1,1,5,8
3300,0,43,1,1,7,8
3700,0,40,1,1,6,8
3200,0,39,1,1,7,8
4600,0,67,1,1,8,6
4600,0,61,1,1,2,1
2700,0,39,1,1,7,7
4600,0,22,0,1,10,10
NA,0,55,1,1,4,6
1300,0,64,0,1,7,8
1700,0,65,0,1,5,5
1700,0,33,0,1,8,7
900,0,64,0,1,7,5
2100,0,46,1,1,4,3
2750,0,38,1,1,9,8
468,0,87,0,1,4,8
8000,0,40,1,1,8,9
870,0,68,0,1,8,8
2600,0,50,1,1,6,7
700,0,59,0,1,4,5
2600,0,74,1,1,7,7
2600,0,70,1,0,7,8
2700,0,70,1,1,7,8
2700,1,60,1,1,6,8
2700,0,27,0,1,10,9
2700,0,20,0,1,10,8
749,1,64,0,1,7,8
5400,0,43,1,1,7,9
4500,0,45,0,1,8,8
4000,0,51,0,1,8,7
4000,0,50,0,0,5,7
1700,0,73,1,1,9,9
3600,0,50,0,1,8,7
4400,0,48,1,1,8,8
6500,0,75,1,0,6,7
2500,0,46,0,1,4,6
4000,0,46,1,1,8,8
4000,0,44,1,1,7,7
4000,0,23,0,1,9,9
4000,0,20,0,1,9,9
3800,0,42,1,1,6,8
6300,0,53,1,1,6,7
1270,0,78,1,1,6,3
1270,0,71,1,1,1,3
1400,0,41,1,1,8,8
1400,0,54,1,1,7,8
1400,1,54,1,1,2,7
1400,0,48,1,1,4,8
1750,0,58,1,1,0,2
1750,0,57,1,1,3,5
3530,0,34,1,1,7,7
4000,0,31,1,1,8,9
731,0,48,0,1,7,6
3900,0,51,1,1,6,7
3900,0,46,1,1,3,7
3900,0,27,0,1,8,8
3900,0,25,0,1,10,7
3900,0,18,0,1,10,9
3900,0,17,0,1,NA,NA
1303,0,75,0,0,5,5
4000,0,56,1,1,8,10
3300,0,52,1,1,7,8
2200,0,57,1,1,7,8
2200,0,61,1,1,7,7
1760,0,50,0,1,2,6
3400,0,46,1,1,8,8
3400,0,43,1,1,7,7
3400,0,21,0,1,9,6
2300,0,41,1,1,7,5
4500,0,40,1,1,7,8
2100,0,53,0,1,3,6
2100,0,50,1,1,7,7
2100,0,28,0,1,9,8
2100,0,19,0,1,9,8
3400,0,45,1,1,8,8
3400,0,40,1,1,4,8
1500,0,76,1,1,6,8
1500,0,68,1,1,6,7
1200,0,48,1,1,6,6
1200,0,49,1,1,7,7
1050,0,45,0,1,8,6
6000,0,44,1,1,4,8
2000,0,51,1,1,6,6
2000,0,50,1,1,5,6
3100,0,68,1,1,8,6
3100,0,59,1,1,9,6
5468,0,40,1,1,10,8
3768,0,39,1,1,10,7
3468,0,34,1,1,10,7
3100,0,27,0,1,10,6
4000,0,33,1,1,10,10
5200,0,52,1,0,7,8
5200,0,18,0,0,10,8
2300,0,48,0,0,7,9
2500,0,58,1,1,8,8
6500,0,55,1,0,7,8
6500,0,22,0,0,3,6
4000,0,51,1,1,2,6
4000,0,21,0,1,9,9
5500,0,51,1,0,9,9
3800,0,23,0,0,9,9
3500,0,26,0,0,8,5
3500,0,23,0,0,3,9
4100,0,54,1,0,5,8
750,0,26,0,0,8,9
4100,0,21,0,0,10,10
4050,0,51,1,1,8,8
3400,0,26,1,1,6,5
NA,0,24,0,1,9,8
3900,0,54,1,0,2,4
2850,0,29,0,0,6,7
1275,0,27,0,0,8,6
5000,0,58,1,0,7,6
3400,0,29,0,0,7,7
2800,0,77,1,0,3,6
4000,0,48,1,1,8,8
4000,0,30,0,1,4,8
634,0,51,0,1,4,4
2700,0,30,0,1,7,5
2600,0,23,0,1,6,8
2700,0,20,0,1,7,5
2700,0,20,0,1,10,10
2100,0,28,1,0,8,8
NA,0,52,1,0,6,5
NA,0,24,0,0,8,6
NA,0,21,0,0,7,7
5600,0,51,1,0,3,2
800,0,21,0,0,8,8
5600,0,18,0,0,8,8
2810,0,55,1,0,5,5
1800,0,28,0,0,3,4
4900,0,61,1,0,8,8
4900,0,26,0,0,9,10
2000,1,48,1,0,4,4
2000,0,25,0,0,8,8
2000,0,21,0,0,4,4
3500,0,18,0,0,8,8
4200,0,23,0,0,8,9
NA,0,49,0,0,1,5
1650,0,22,0,1,8,6
5200,0,53,1,0,7,8
5200,0,24,0,0,6,7
3500,0,46,1,0,7,7
5800,0,48,1,0,6,7
5800,0,20,0,0,8,8
1800,0,55,0,0,2,6
2600,0,66,0,0,7,7
3100,0,24,0,0,10,10
6762,0,54,1,0,8,9
4200,0,48,0,0,6,7
4000,0,51,1,1,2,5
3600,0,29,1,1,7,7
2000,0,48,0,0,5,6
3080,0,47,1,0,8,8
3000,0,24,0,1,9,8
3750,0,51,1,0,6,7
1100,0,25,0,0,8,3
3260,0,21,0,0,9,9
5000,0,26,0,0,7,8
5000,0,23,0,0,8,7
5000,0,22,0,0,7,7
3300,0,54,1,0,3,7
NA,0,50,1,0,5,5
2500,0,24,0,0,5,8
NA,0,46,1,0,7,5
3300,0,46,1,0,8,8
5000,0,58,1,0,6,8
3000,0,27,1,0,9,9
5000,0,25,0,0,9,8
3500,0,46,1,1,9,9
3500,0,19,0,1,9,9
6300,0,47,1,1,5,5
6300,0,25,0,1,9,8
6300,0,23,0,1,10,7
6300,0,22,0,1,9,7
6300,0,18,0,1,7,7
5500,0,45,1,0,4,6
5500,0,19,0,0,9,8
2000,0,79,1,0,7,6
5000,0,50,1,0,7,1
1400,0,47,0,0,9,9
4600,0,56,1,0,10,9
4600,0,19,0,0,8,8
1500,0,50,0,0,8,8
1500,0,18,0,0,10,9
1500,0,23,0,0,8,6
7500,0,39,1,1,6,6
5600,0,53,1,0,6,7
4300,0,26,0,0,5,7
5600,0,23,0,0,8,8
2300,0,73,1,1,9,9
5000,0,58,1,1,8,7
3050,0,48,1,0,9,8
5300,0,49,1,0,6,7
2800,0,26,0,0,8,8
3200,0,24,0,0,5,7
5300,0,20,0,0,7,8
7760,0,57,1,0,4,7
3100,0,44,1,0,8,9
1400,0,54,0,1,6,8
2000,0,48,1,0,8,8
2500,0,49,0,0,2,7
5900,0,54,1,0,6,4
5900,1,17,0,0,NA,NA
1500,0,43,0,0,6,5
2400,0,61,0,0,7,5
4000,0,43,1,0,5,8
3700,0,54,1,0,3,8
3170,0,66,1,0,7,8
6000,0,53,1,1,6,5
6000,0,19,0,1,10,5
6000,0,17,0,0,NA,NA
1700,0,51,0,0,8,6
3700,0,52,1,0,9,9
3700,0,22,0,1,10,10
4200,0,47,1,1,6,7
3000,0,24,0,1,9,8
3000,0,28,0,1,8,8
2600,0,45,1,0,7,5
2600,0,17,0,1,NA,NA
4000,0,45,1,1,7,8
7000,0,44,1,0,5,7
4700,0,49,1,0,8,8
4700,0,19,0,0,7,8
4700,0,17,0,0,NA,NA
8000,0,50,1,1,5,7
8000,0,19,0,0,5,8
8000,0,18,0,0,9,8
4700,0,51,1,0,8,8
4700,0,18,0,0,9,8
5768,0,47,1,0,9,8
5768,0,21,0,0,10,9
5768,0,20,0,0,10,8
2700,0,48,0,0,5,8
2500,0,52,1,1,8,8
1400,0,25,0,1,5,8
4300,0,61,1,0,7,7
3200,0,44,0,0,8,8
2400,0,76,1,0,3,4
1500,0,46,1,0,7,6
4400,0,17,0,0,NA,NA
5000,0,48,1,0,7,8
14500,0,54,1,0,8,9
14500,0,20,0,0,10,9
14500,0,17,0,0,NA,NA
7300,0,56,1,0,10,8
7300,0,23,0,0,10,8
7300,0,48,1,1,10,8
1900,0,66,1,0,5,8
5500,0,51,1,1,9,9
5500,0,24,0,0,8,9
5500,0,20,0,0,9,9
5500,0,18,0,0,9,9
6000,0,52,1,0,9,9
3000,0,51,1,0,8,9
1500,0,23,0,0,7,6
5000,0,57,1,1,7,7
250,0,20,0,1,8,9
1760,0,17,0,1,NA,NA
2900,0,44,1,0,8,8
3000,0,48,1,0,7,10
1591,0,38,0,0,7,8
5000,0,46,1,0,9,8
5000,0,20,0,0,8,9
1350,0,45,0,0,8,7
1350,0,17,0,0,NA,NA
3500,0,45,1,0,5,7
3500,0,18,0,0,10,9
5200,0,54,1,0,2,5
5200,0,21,0,0,4,7
5200,0,19,0,0,3,5
450,0,53,0,0,3,4
3500,0,25,0,0,8,7
5000,0,49,1,0,7,8
5000,0,22,0,0,9,9
5000,0,19,0,0,7,6
3200,0,52,1,0,5,3
7500,0,47,1,0,8,8
3063,0,65,0,0,7,8
5000,0,46,1,0,9,9
5000,0,17,0,0,NA,NA
2900,0,53,1,0,8,8
2900,0,18,0,0,10,9
3600,0,44,1,0,6,5
3600,0,21,0,0,5,7
7000,0,56,1,0,8,8
2500,0,30,1,0,8,9
2300,0,17,0,1,NA,NA
1650,0,43,0,1,2,5
6000,0,21,0,0,3,3
7500,0,47,0,0,5,7
2500,0,20,0,1,6,6
6500,0,25,0,0,10,8
6500,0,23,0,0,7,4
6500,0,17,0,0,NA,NA
3500,0,37,1,0,6,7
3000,0,24,0,1,2,8
5200,0,47,1,0,7,7
5200,0,19,0,0,7,8
NA,0,53,0,0,3,5
3800,0,49,1,0,10,9
3800,0,21,0,0,9,8
3800,0,17,0,0,NA,NA
4300,1,21,0,0,4,NA
4300,0,19,0,0,8,6
4300,0,31,1,0,9,8
3900,0,44,1,0,8,8
3560,0,48,1,1,8,9
3560,0,20,0,1,8,8
4740,0,49,1,0,10,8
3300,0,27,0,0,8,8
4800,0,47,1,0,10,9
2000,0,44,1,1,5,8
1390,0,78,0,0,8,8
4250,0,48,1,0,9,8
3500,0,49,0,0,6,8
10000,0,46,0,0,NA,7
1400,0,46,1,1,1,5
1400,0,23,0,1,4,7
5200,0,50,1,0,8,8
3900,0,50,1,1,8,7
3900,0,21,0,1,7,6
3900,0,18,0,1,8,8
6000,0,51,1,1,9,8
4900,0,46,1,0,9,9
2500,0,50,0,0,3,6
4618,0,51,1,0,8,7
4618,0,18,0,0,9,9
2800,0,52,0,0,8,9
9000,0,51,1,0,4,8
9000,0,49,1,0,8,8
3080,0,49,1,0,5,8
3080,0,20,0,0,8,8
2800,0,49,0,0,8,5
1400,0,18,0,0,9,8
2600,0,45,1,0,2,4
3100,0,48,1,0,4,6
3100,0,18,0,0,10,9
2000,0,51,1,0,7,9
1800,0,17,0,1,NA,NA
1800,0,42,0,0,8,8
1500,0,55,1,1,5,5
1500,0,22,0,0,4,6
2350,0,67,0,0,5,7
3700,0,38,1,0,8,8
3936,0,75,1,0,8,7
6500,0,49,1,0,9,8
6500,0,38,1,0,7,5
4200,0,49,1,0,7,8
2900,0,46,1,1,4,8
7500,0,46,1,0,8,9
7500,0,44,1,0,9,9
2300,0,47,1,0,7,7
3600,0,50,1,0,8,8
3600,0,22,0,0,9,7
3600,0,19,0,0,9,9
6200,0,46,1,1,9,NA
1000,0,38,0,1,7,8
2600,0,50,0,1,7,7
2600,1,19,0,0,7,7
5000,0,46,0,1,8,8
2200,0,46,1,1,9,9
2100,0,46,0,0,7,8
6000,0,53,1,1,8,8
1630,0,44,0,1,10,9
1700,0,74,1,0,6,8
5400,0,44,1,1,7,7
5400,0,19,0,1,6,7
4000,0,49,1,0,7,9
4100,0,47,0,0,5,5
4100,0,19,0,0,8,8
2000,0,21,0,0,10,10
2000,0,47,1,0,10,10
3600,0,48,1,0,7,8
3600,0,20,0,0,8,7
7000,0,48,1,0,6,6
6000,0,43,1,0,9,8
6000,0,20,0,0,9,8
6000,0,18,0,0,10,9
4300,0,52,1,0,6,6
3000,0,57,1,0,7,7
2600,0,54,1,0,4,3
2600,0,21,0,0,8,7
2600,0,18,0,0,3,2
NA,0,35,1,0,9,8
2630,0,50,1,1,9,9
2036,0,51,1,0,5,5
2036,0,20,0,1,6,1
2036,0,17,0,1,NA,NA
2036,0,55,0,1,8,8
2300,0,17,0,1,NA,NA
3500,0,46,1,0,8,9
8000,0,45,1,1,8,9
8000,0,19,0,1,10,10
5200,0,50,1,1,5,8
5200,0,22,0,0,10,10
1900,0,49,0,1,4,4
1900,0,18,0,1,6,2
1500,0,17,0,1,NA,NA
2300,0,48,1,0,9,9
4700,0,49,0,0,9,8
1250,0,39,0,0,5,5
8500,0,46,1,0,7,8
4200,0,47,1,1,9,9
4200,0,20,0,0,9,8
4200,0,19,0,0,9,7
3900,0,49,1,0,6,6
3900,0,17,0,0,NA,NA
3400,0,39,1,0,7,8
2850,0,46,1,0,6,7
4000,0,47,0,1,1,9
8500,0,49,1,0,3,7
5780,0,47,1,0,8,9
5780,0,20,0,0,8,9
5780,0,18,0,0,8,9
3000,0,43,1,0,7,7
1700,0,50,1,1,2,4
1700,0,20,0,1,7,8
3100,0,53,1,1,4,5
3100,0,20,0,1,8,8
3100,0,17,0,1,NA,NA
4500,0,44,1,1,8,8
4500,0,20,0,1,10,7
4500,0,18,0,1,10,7
3750,0,46,1,0,8,8
1600,0,36,0,0,4,4
2900,0,46,1,0,1,7
1850,0,50,0,0,7,8
6000,0,45,1,0,5,7
6000,0,17,0,0,NA,NA
4300,0,36,1,1,6,9
5500,0,44,1,0,6,7
3000,0,52,1,0,7,8
4300,0,45,1,0,8,7
3500,0,41,0,0,8,9
3500,0,38,0,0,10,8
3500,0,17,0,0,NA,NA
1600,0,45,0,0,6,8
1800,0,52,0,0,5,7
5700,0,44,1,0,7,8
1500,0,68,0,0,7,9
4000,0,44,0,0,4,5
3300,0,37,1,0,6,9
3700,0,42,1,1,5,5
3700,0,20,0,1,3,6
3700,0,17,0,1,NA,NA
5500,0,45,0,1,9,10
5500,0,57,0,0,8,9
4256,0,37,1,0,7,8
4256,0,19,0,1,6,6
4256,0,17,0,1,NA,NA
4256,0,32,1,0,7,9
2500,0,44,1,0,8,8
3300,0,44,1,0,9,9
3000,0,43,1,0,8,8
3000,0,18,0,0,8,8
1500,0,43,0,0,4,5
1750,0,42,0,1,5,5
10000,0,40,0,0,9,9
5000,0,45,1,0,7,9
5500,0,46,1,0,8,9
5800,0,40,1,0,7,9
2468,0,43,1,0,10,7
3800,0,42,1,0,8,7
4740,0,48,1,0,10,8
1727,0,17,0,0,NA,NA
5500,0,43,1,0,7,7
2500,0,42,1,0,8,7
2700,0,40,1,1,7,7
2700,0,18,0,1,9,9
3800,0,40,1,1,9,9
3800,0,18,0,1,10,9
5800,0,43,1,0,9,7
5800,0,18,0,1,3,8
5800,0,17,0,1,NA,NA
13000,0,42,1,0,5,5
1360,0,41,0,0,5,7
2500,0,50,1,0,9,8
3300,0,45,1,1,3,9
1400,0,37,0,0,7,8
NA,0,54,1,0,7,7
1880,0,45,0,0,2,3
6000,0,49,1,0,9,8
4526,0,40,0,0,8,8
4526,0,35,0,0,8,8
2920,0,55,0,0,6,6
4000,0,58,1,0,3,8
3200,1,64,1,0,7,9
4000,0,49,1,0,5,7
4000,0,50,1,0,6,7
1100,0,18,0,0,9,9
3000,0,38,1,0,0,5
4400,0,40,0,0,8,2
6400,0,46,0,0,9,8
4000,0,47,0,0,7,7
4000,0,49,1,0,8,8
3100,0,61,1,1,7,9
2050,0,31,0,0,8,7
3300,0,39,1,0,6,7
6500,0,48,1,0,8,9
7250,0,48,0,1,7,8
3850,0,38,1,1,8,10
4000,0,41,1,0,8,8
701,1,58,1,0,4,4
3000,0,43,1,0,7,9
3250,0,53,1,0,3,8
5300,0,40,1,0,8,9
1950,0,64,1,0,6,8
2750,0,41,1,1,10,8
NA,0,36,1,0,9,NA
3200,0,31,1,0,9,8
3700,0,41,1,1,6,7
3600,0,40,1,1,6,5
1500,0,55,1,0,8,8
1324,0,39,0,1,4,8
2300,0,65,1,0,8,8
2300,0,61,1,0,8,9
4500,0,34,0,0,8,8
NA,0,56,0,0,5,7
NA,0,21,0,0,5,7
3300,0,45,1,0,9,9
3360,0,33,1,0,7,9
3400,0,36,1,1,8,9
3500,0,48,1,0,8,8
3500,0,51,1,0,8,8
3500,0,17,0,0,NA,NA
2500,0,50,1,0,10,9
6000,0,42,1,0,9,8
2800,0,38,1,0,8,8
3300,0,44,1,0,7,9
1000,0,45,0,0,6,8
1280,0,69,1,0,8,9
1280,0,65,1,0,0,5
3650,0,34,0,1,6,7
4400,0,33,1,0,7,8
5500,0,52,1,1,9,9
5468,0,37,1,1,10,8
8300,0,33,0,0,8,8
400,1,49,1,0,9,8
6900,0,49,1,0,9,9
3000,0,37,1,0,9,9
3000,0,28,1,0,8,9
4000,0,55,1,0,8,8
2100,0,44,1,0,9,8
1700,0,42,0,1,3,3
1800,0,47,0,0,10,7
3000,0,39,0,0,8,7
3000,0,35,0,0,8,9
2320,1,35,1,1,1,4
400,0,47,0,0,7,5
5700,0,36,1,0,9,9
2300,0,43,1,0,9,7
3300,0,35,1,0,7,7
2300,0,32,1,1,7,5
3000,0,34,0,0,6,8
3000,0,36,1,0,7,8
5000,0,51,1,0,7,8
3500,0,53,1,0,8,8
3957,0,44,1,0,10,8
1350,0,49,0,0,10,8
3400,0,36,1,0,9,9
3100,0,29,0,0,7,5
3200,0,36,1,1,8,8
2500,0,34,1,0,3,5
3800,0,38,0,1,5,2
2600,0,37,0,0,9,8
2600,0,41,0,0,8,7
3000,0,64,1,1,5,5
3650,0,33,1,1,7,7
2000,0,71,0,0,6,7
2800,0,32,1,0,7,8
1500,0,35,0,0,10,8
2500,0,41,1,0,8,7
5000,0,55,1,0,7,8
3600,0,39,1,0,8,7
4000,0,29,1,1,4,8
3000,0,29,0,0,8,8
3933,0,45,0,0,8,9
2000,0,34,1,1,8,9
3000,0,44,0,1,7,10
3000,0,20,0,1,3,8
3000,0,18,0,1,2,6
2600,0,37,1,1,6,5
6600,0,45,1,1,4,8
2700,0,54,1,1,9,8
2700,0,46,1,1,9,6
2700,0,28,0,1,8,9
2700,0,20,0,1,10,7
3300,0,35,1,1,8,9
3300,0,36,1,0,8,8
1250,0,52,1,1,3,4
1250,0,56,1,0,3,5
2700,0,38,1,1,8,2
2700,0,34,1,1,8,8
1340,0,67,1,1,5,5
1340,0,66,1,1,5,9
800,0,58,0,1,2,7
1850,0,41,1,1,7,8
1850,0,49,1,1,2,5
2000,0,36,1,1,8,7
NA,0,30,1,1,10,8
2500,0,30,1,1,8,8
2500,0,40,1,1,10,10
1200,0,38,0,1,8,8
3300,0,48,1,1,8,9
2200,0,34,0,1,8,8
2500,0,30,1,1,9,9
2500,0,31,1,1,9,10
2600,1,21,0,1,8,9
2600,0,46,1,1,8,8
2600,0,41,1,1,9,8
2300,0,40,1,1,8,9
2300,0,39,1,1,8,9
3000,0,42,1,1,8,8
3000,0,37,1,1,9,8
4000,0,42,1,1,8,8
4000,0,21,0,1,9,9
4000,0,20,0,1,10,8
4800,0,47,1,1,10,8
4800,0,45,1,1,9,8
4800,0,24,0,1,10,5
4800,0,24,0,1,9,7
4800,0,20,0,1,10,8
4800,0,23,0,1,9,10
4800,0,21,0,1,9,10
4500,0,40,1,1,8,9
1668,0,40,1,1,6,6
1200,0,66,1,1,8,8
1200,0,66,1,1,5,9
4500,0,31,0,1,10,9
4000,0,32,1,1,8,9
4000,0,31,1,1,9,8
1300,1,43,0,1,7,6
1300,0,22,0,1,7,9
350,0,23,0,1,4,5
350,0,24,0,0,10,10
1500,0,57,1,1,5,5
1500,0,68,1,1,2,5
3200,0,55,1,0,7,7
1800,0,44,0,1,8,8
1900,0,46,0,1,7,6
1900,0,21,0,1,7,8
1900,0,17,0,1,NA,NA
740,0,24,0,1,8,7
1900,0,47,1,1,7,8
1900,0,47,1,1,8,7
1900,0,19,0,1,10,8
NA,0,42,0,1,2,5
1300,0,26,0,1,9,9
NA,0,36,1,1,6,8
NA,0,40,1,0,8,10
3000,0,19,0,1,9,7
4000,0,28,0,1,5,10
4000,0,50,1,1,8,9
4000,0,48,1,1,8,7
4000,0,28,0,1,9,6
4000,0,18,0,1,NA,8
2400,0,45,1,1,8,9
2400,0,45,1,1,8,8
2400,0,20,0,1,8,8
5000,0,42,1,1,6,7
5000,0,46,1,1,7,8
1500,0,41,0,1,7,6
2400,0,38,1,1,8,7
2400,0,46,1,1,10,10
4600,0,21,0,1,9,9
4600,0,46,1,1,4,4
4600,1,41,1,1,4,6
4600,0,24,0,1,8,8
3000,0,35,1,1,7,6
3800,0,35,1,1,9,8
3800,0,35,1,0,9,9
1200,1,43,0,1,2,3
2500,0,27,0,1,6,7
400,1,49,0,1,4,4
1700,0,35,1,1,7,7
1700,0,28,1,0,10,7
2120,0,36,0,1,5,9
2120,0,39,1,1,NA,9
5000,0,38,1,1,6,7
5000,0,39,1,1,7,8
3400,0,37,1,1,8,9
3400,0,38,1,1,7,7
1800,0,25,0,1,9,9
1800,0,50,1,1,8,5
1800,0,45,1,1,5,9
1800,0,22,0,1,10,10
1800,0,19,0,1,6,8
2400,0,29,0,1,6,9
1900,0,31,1,1,8,8
1900,0,28,1,1,8,10
760,1,59,0,1,7,6
1600,1,43,0,1,2,5
1600,0,18,0,1,9,9
1500,0,40,1,1,5,8
1500,1,33,1,1,5,8
2000,0,38,1,1,8,8
2000,0,34,1,1,7,7
1500,1,32,0,1,8,2
4000,0,37,1,1,9,8
4500,0,39,1,1,8,9
4500,0,43,1,0,8,9
2260,0,37,0,1,7,8
2260,0,33,0,1,8,7
1500,0,58,0,1,10,10
3800,0,23,0,1,7,8
4000,0,47,1,1,8,7
4000,0,47,1,1,4,7
3000,0,38,0,1,6,9
3000,0,34,0,0,6,9
750,0,39,0,1,6,5
1500,0,25,0,1,8,9
1500,0,24,0,1,10,9
2300,0,46,1,1,9,5
2300,1,32,1,1,9,7
3500,0,52,1,1,7,8
3500,1,42,1,1,6,8
3500,0,21,0,1,7,7
400,1,45,0,1,5,6
1880,0,40,1,1,8,9
1880,0,31,1,0,7,9
1300,0,63,1,1,4,8
1300,0,54,1,1,6,7
1500,0,64,1,1,7,8
1500,0,63,1,1,8,5
1500,1,41,0,1,6,6
1600,0,45,1,1,6,5
1100,0,20,0,1,9,9
1100,1,21,0,0,9,6
1210,0,68,1,1,6,7
1210,0,66,1,1,6,7
2400,0,38,1,1,5,6
2400,0,42,1,0,8,8
2300,0,55,0,1,4,4
2300,0,21,0,1,10,9
3100,0,44,1,1,6,10
3100,0,41,1,1,8,10
343,0,52,0,1,2,5
3800,0,45,1,1,8,9
3800,0,53,1,0,8,10
3800,0,20,0,1,9,10
2700,0,48,1,1,10,10
2700,0,44,1,1,9,10
2800,0,30,1,1,7,9
2800,0,33,1,1,8,9
4700,0,41,1,1,8,10
4700,0,48,1,0,9,10
3600,0,44,1,1,8,8
3600,0,44,1,1,8,6
3600,0,18,0,1,NA,NA
3800,0,40,1,1,10,10
3800,0,34,1,1,10,10
1800,0,22,0,1,9,9
1200,0,28,0,1,8,8
800,0,27,0,1,10,9
1100,0,27,0,1,10,9
2360,0,40,1,1,9,8
2360,0,44,1,1,9,8
399,1,49,0,1,5,5
2400,0,47,1,1,5,5
3300,0,64,1,1,8,8
5000,0,47,1,1,8,8
5000,0,47,1,1,7,10
5000,0,17,0,1,NA,NA
3500,0,43,1,1,9,8
3500,0,53,1,1,8,10
3500,0,22,0,1,6,5
3500,0,20,0,1,10,10
2800,0,33,1,1,8,8
2800,0,30,1,1,8,9
1350,0,48,0,1,9,7
NA,0,24,0,1,8,7
NA,0,31,1,1,7,9
1100,1,55,1,1,3,5
1100,0,56,1,1,7,8
2200,0,47,0,1,8,9
1084,1,38,0,1,7,8
NA,0,35,1,1,9,10
1080,0,51,0,0,9,9
1200,1,64,1,1,5,9
3400,0,47,1,1,7,10
3400,0,52,1,1,8,6
4000,0,56,1,1,8,10
4000,0,60,1,0,5,7
4000,0,18,0,1,7,9
1200,0,48,1,1,9,10
1200,0,55,1,1,7,10
1400,0,29,1,1,8,8
1400,0,29,1,1,7,8
3500,0,34,1,1,8,8
3500,0,35,1,1,8,9
1500,0,22,0,1,7,8
1500,0,45,0,1,6,7
1500,0,24,0,1,6,9
1468,1,37,0,1,NA,7
2400,0,44,1,1,8,5
2400,0,55,1,1,4,7
1250,0,23,0,1,4,2
2400,0,19,0,1,9,9
3300,0,47,1,1,8,9
4300,0,20,0,1,10,9
4300,0,50,1,1,9,8
4300,0,45,1,1,6,7
4300,0,26,0,1,9,7
4300,1,24,0,1,9,9
1700,1,36,0,1,9,9
1700,0,28,0,1,10,10
3000,0,23,0,1,8,9
3000,0,53,0,1,8,8
3000,0,20,0,1,9,8
4238,0,32,0,1,7,8
4238,0,28,0,0,7,8
1935,0,46,1,1,5,5
1935,0,44,1,1,9,8
2600,0,32,0,1,7,7
NA,0,43,1,1,0,10
NA,0,19,0,1,NA,7
399,1,23,0,1,10,10
2400,0,45,0,1,8,7
3000,0,50,1,1,7,7
3000,0,49,1,1,5,8
1100,0,33,0,1,7,7
2600,0,36,0,1,5,9
1400,0,26,0,1,8,8
1400,0,57,1,1,2,8
1400,1,57,1,1,6,7
1755,0,70,1,1,7,8
1755,0,66,1,1,7,10
2773,0,19,0,1,7,3
2773,0,48,1,1,8,9
2773,0,43,1,1,0,4
2773,0,21,0,1,9,7
2773,0,18,0,1,9,7
2200,0,39,1,1,5,5
2200,1,30,1,1,5,7
2700,0,24,1,1,5,5
2700,0,30,1,1,8,8
2718,0,35,1,1,4,9
2718,0,39,1,1,7,8
1784,0,32,0,1,10,5
4000,0,33,0,1,10,8
2300,0,29,1,1,9,8
2300,0,28,1,1,9,9
4500,0,37,1,1,10,7
4500,0,33,1,1,4,7
2200,1,44,1,1,10,8
2200,0,17,0,1,NA,NA
2400,0,45,1,1,5,5
2400,0,21,0,1,9,7
2400,0,18,0,1,9,6
3100,0,63,0,0,3,10
2450,0,36,1,1,3,7
3400,0,37,1,1,8,7
4400,0,46,0,1,8,7
4400,0,22,0,1,4,7
1800,1,57,1,1,2,8
1800,0,70,1,1,5,6
1800,0,19,0,1,NA,8
3500,0,50,1,1,9,8
4000,0,40,0,1,10,9
2300,0,23,0,1,8,8
2300,0,43,1,1,6,8
3000,0,50,1,1,8,10
3000,0,51,1,1,7,7
3000,0,25,0,1,7,6
3000,1,23,0,1,8,6
5000,0,35,1,1,8,8
5000,0,38,1,1,NA,8
1700,0,53,1,1,5,7
1700,0,59,1,1,7,7
2800,0,50,1,1,7,10
2800,0,58,1,0,3,4
2900,0,64,1,1,5,7
2900,0,74,1,1,2,5
1500,0,45,0,1,8,8
2800,0,42,1,1,8,8
2800,0,54,1,1,6,9
2800,0,21,0,1,9,9
7000,0,39,1,1,9,9
7000,0,38,1,1,7,8
1500,0,28,0,1,8,10
1200,1,40,0,1,8,9
1200,0,21,0,1,10,7
3000,0,21,0,1,7,9
3000,0,42,1,1,NA,5
2300,0,38,1,1,8,8
2300,0,37,1,1,8,9
1770,0,52,0,1,8,6
2000,0,37,1,1,5,7
3000,1,21,0,1,8,5
1000,1,44,0,1,2,5
1000,0,24,0,1,9,8
1000,0,22,0,1,NA,7
2800,1,34,1,1,10,8
2800,1,35,1,1,8,5
1800,0,32,0,1,7,7
1300,0,34,0,0,3,5
4500,0,23,0,1,9,8
4500,0,48,1,1,6,7
4500,0,44,1,1,6,7
4500,0,19,0,1,8,7
2800,0,33,1,1,6,9
2800,0,27,1,1,10,6
2000,0,63,1,1,5,7
2000,0,65,1,1,5,8
1315,0,38,0,1,6,6
2250,0,49,1,1,6,7
2250,1,48,1,1,5,6
2250,0,25,0,1,10,10
2250,0,23,0,1,7,7
2250,0,18,0,1,7,6
915,1,36,0,1,5,3
5000,0,37,0,1,10,6
5000,0,65,0,1,2,5
5000,0,29,0,1,8,5
5000,0,25,0,1,5,5
5000,0,23,0,1,8,7
4500,0,24,0,1,6,9
4500,0,47,1,1,9,5
4500,0,46,1,1,8,8
4500,0,23,0,1,10,10
4500,0,17,0,1,NA,NA
650,0,26,0,1,9,8
1300,0,22,1,1,9,9
1300,0,21,1,1,10,8
NA,0,34,0,1,7,7
NA,0,28,0,1,7,7
800,0,20,0,1,4,4
800,1,52,0,1,3,5
800,1,24,0,1,5,4
800,1,21,0,1,9,7
2200,0,39,1,1,8,6
2200,0,31,1,1,8,7
3800,0,43,1,1,7,8
3800,0,51,1,0,5,7
1600,0,22,0,1,10,8
1600,0,57,1,1,0,2
1600,0,47,1,1,10,8
1600,0,25,0,1,7,6
3800,0,39,1,1,3,7
3800,0,49,1,0,6,7
NA,0,39,1,1,8,9
NA,0,49,1,1,6,9
NA,0,22,0,1,10,8
NA,0,56,1,1,5,9
NA,0,52,1,1,5,8
3500,0,47,1,1,7,7
3500,0,49,1,1,7,7
3500,0,26,0,1,10,8
4800,0,23,0,1,8,8
4800,0,58,1,0,8,8
4800,0,53,1,1,4,8
2000,0,29,0,1,8,8
2200,0,63,0,1,8,7
2200,0,57,0,1,8,8
NA,0,27,0,1,8,8
4000,1,29,0,1,10,8
4000,0,27,0,1,NA,8
3000,0,38,1,1,4,7
3000,0,41,1,1,7,8
1200,0,29,0,1,7,7
1150,1,43,0,1,6,5
4500,0,25,1,1,10,10
2400,0,31,0,1,6,8
2400,1,25,0,0,9,9
2400,0,19,0,1,9,8
3500,0,39,1,1,8,10
3500,0,34,1,1,8,9
4500,0,38,1,1,8,8
4500,0,37,1,1,7,7
1200,0,66,1,1,3,8
1200,0,64,1,1,6,8
3000,0,60,1,1,7,8
2500,0,20,0,1,9,9
2500,0,48,0,0,8,7
NA,0,30,1,1,0,10
4000,0,50,1,1,9,8
3000,0,38,1,1,3,5
1300,0,62,0,1,5,8
3000,1,21,0,1,10,10
3000,0,44,1,1,10,10
3500,0,40,1,1,5,10
3500,0,22,0,1,10,8
3500,0,18,0,1,10,8
3500,0,19,0,1,6,9
1800,1,53,1,1,5,8
1800,0,19,0,1,7,6
NA,0,29,0,1,7,7
NA,0,21,0,1,9,9
800,0,28,0,1,10,8
1800,0,25,0,1,9,9
2000,0,40,0,1,8,9
2100,0,32,0,1,8,7
3000,0,38,1,1,8,7
3000,0,39,1,1,8,6
2000,0,22,0,1,8,9
2000,0,50,0,1,7,6
3400,0,38,1,1,10,10
3400,0,45,1,1,7,9
3400,0,19,0,1,8,5
1200,0,21,0,1,9,8
1200,1,47,0,1,5,5
1200,1,65,1,1,5,9
1200,1,62,1,1,8,8
1684,1,51,1,1,5,5
1684,1,51,1,1,8,7
1684,0,22,0,1,9,8
4000,0,43,1,1,8,9
4000,0,44,1,1,10,8
2800,0,49,1,1,9,2
2800,0,46,1,1,7,9
3000,0,42,1,1,8,9
3000,0,41,1,1,8,10
3000,0,19,0,1,10,9
920,1,37,0,1,6,8
920,0,75,1,1,2,3
920,0,67,1,1,2,1
3300,0,23,0,1,10,9
3300,0,63,1,1,6,7
3300,0,57,1,0,8,8
3300,0,19,0,1,8,8
4000,0,40,1,1,8,10
4000,0,54,1,1,7,6
3100,0,27,0,1,6,7
3100,0,53,0,1,8,8
3100,0,24,0,1,10,9
4700,0,26,0,1,4,2
4700,0,65,1,1,7,5
4700,0,63,1,1,0,0
3500,0,57,1,1,8,8
3500,0,57,1,1,8,8
7500,0,34,0,1,9,8
7500,0,61,1,1,5,8
7500,0,56,1,1,6,8
7500,0,37,1,1,5,9
4200,0,35,1,1,9,8
4200,0,36,1,1,7,8
1545,0,21,0,1,5,3
1545,0,57,1,1,8,10
1545,1,43,1,1,5,3
1545,1,20,0,1,10,1
5800,0,42,1,1,6,8
5800,0,44,1,0,7,8
5000,0,40,1,1,9,8
5000,0,50,1,0,10,7
4700,0,40,1,1,7,7
4700,0,40,1,1,8,5
4700,0,19,0,1,10,8
4000,0,21,0,1,10,8
4000,0,58,1,1,7,6
4000,0,52,1,1,8,8
4000,0,28,0,1,10,6
4000,0,24,0,1,10,6
2200,0,34,1,1,10,7
2200,0,36,1,1,10,5
3700,0,37,0,1,7,6
3700,0,47,0,0,5,7
2700,0,37,1,1,8,7
2700,0,43,1,1,8,8
2500,0,61,1,1,3,2
2500,0,44,1,1,5,3
2500,0,22,0,1,6,8
4000,0,52,0,1,10,8
2500,0,35,1,1,7,9
2500,0,36,1,1,5,9
5500,0,42,1,1,8,8
5500,0,43,1,1,8,8
2400,0,27,0,1,8,8
3800,0,59,1,1,9,9
3800,0,58,1,0,9,9
2700,0,34,1,1,9,10
2700,0,42,1,1,10,7
4700,0,37,1,1,7,7
1120,1,32,0,1,8,8
NA,0,26,0,1,8,10
10000,0,37,1,1,10,8
10000,0,39,1,1,9,8
2500,0,37,0,1,8,6
3000,0,49,1,1,7,7
3500,0,38,1,1,10,9
3500,0,38,1,1,9,8
9000,0,37,1,1,6,7
9000,0,38,1,1,9,7
800,0,25,0,1,6,8
3900,0,48,0,1,8,7
3900,0,39,0,1,7,10
3000,0,49,1,1,8,8
3000,0,43,1,1,5,7
3400,0,34,1,1,9,9
3400,0,37,1,1,9,9
4600,0,42,1,1,2,5
4600,0,40,1,1,6,6
3600,0,25,0,1,9,7
3300,0,28,0,1,8,6
2500,0,61,0,1,9,9
1350,0,54,1,1,5,7
1350,1,56,1,1,2,5
3200,0,37,1,1,9,9
3200,0,33,1,1,8,8
2400,0,28,0,1,4,8
810,0,63,0,1,7,7
1600,0,37,0,1,7,6
2100,0,37,1,1,8,7
2100,0,29,1,1,5,7
3300,0,35,1,1,8,8
3300,0,42,1,1,7,8
4500,0,39,1,1,9,9
1300,0,51,0,1,6,8
1200,0,67,1,1,7,7
1200,0,70,1,1,6,7
3500,0,46,1,1,9,10
2500,0,31,1,1,10,10
2500,0,34,1,1,5,8
3200,0,52,0,0,8,8
3200,0,17,0,1,NA,NA
NA,1,36,0,1,6,7
1600,0,26,0,1,9,6
3600,0,24,0,1,6,8
3600,0,24,0,0,NA,9
3200,0,31,1,1,10,9
3200,0,28,1,1,7,7
3500,1,29,1,1,9,7
NA,1,53,0,1,0,6
NA,0,43,1,1,7,7
NA,0,46,1,1,7,7
NA,0,20,0,1,10,8
NA,0,17,0,1,NA,NA
NA,0,37,1,1,3,6
NA,0,35,1,1,7,5
2700,0,47,1,1,8,10
2700,0,52,1,1,8,8
1200,0,80,1,1,6,8
1200,0,72,1,1,4,5
2700,0,39,1,1,5,8
2700,0,43,1,1,6,8
NA,0,46,1,1,8,9
NA,0,47,1,0,8,8
3500,0,31,1,1,9,10
3500,0,30,1,1,8,10
1150,1,58,1,1,3,7
1150,0,66,1,1,6,8
2700,0,38,1,1,10,7
2700,0,38,1,1,2,7
2700,0,17,0,1,NA,NA
NA,0,35,1,1,9,8
NA,0,38,1,1,8,8
1600,0,40,0,1,2,3
3800,0,35,1,1,10,8
3800,0,56,1,0,7,9
3900,0,40,0,1,6,6
3900,0,40,0,0,6,6
3200,0,69,1,0,5,9
1200,0,38,0,1,6,8
2450,0,36,1,1,7,7
2384,0,33,1,1,9,10
2384,0,38,1,1,10,9
1369,1,41,0,1,9,3
1369,0,48,0,1,8,7
3500,0,35,0,1,4,6
3500,0,33,0,1,10,8
800,0,68,0,1,9,10
2684,0,32,1,1,10,6
2684,0,36,1,0,8,9
4500,0,37,1,1,7,8
4500,0,48,1,0,5,6
3500,0,29,1,1,5,9
3500,0,25,1,1,NA,10
3000,0,47,1,1,8,8
3000,0,40,1,1,8,8
5500,0,40,1,1,8,10
5500,0,52,1,0,5,7
5500,0,17,0,1,NA,NA
1600,1,63,0,1,7,5
1600,0,86,0,1,4,9
1400,0,27,0,1,6,8
2400,0,27,0,1,8,8
2400,0,33,0,1,6,5
2350,0,54,0,1,7,6
2350,0,18,0,1,6,8
6000,0,40,0,1,5,7
5500,0,31,0,1,10,10
5500,0,27,0,0,NA,10
1000,0,23,0,1,7,10
3000,0,42,1,1,8,7
3000,0,32,1,1,8,8
3500,0,34,0,1,8,7
900,0,40,0,1,6,6
3800,0,36,0,1,9,10
2500,0,28,0,1,10,5
2500,0,27,0,1,10,6
1500,0,40,1,1,7,5
1500,0,50,1,1,1,5
2020,0,41,1,1,5,7
2020,0,54,1,1,5,8
3800,0,45,1,1,8,8
2100,0,47,1,1,3,1
2100,0,46,1,1,3,8
3000,0,53,1,1,3,8
3000,0,60,1,1,7,8
3000,0,25,1,1,9,9
3000,0,29,1,1,10,9
NA,0,44,0,1,10,7
NA,1,52,0,1,4,5
2000,0,42,0,1,8,8
2900,0,37,1,1,7,8
2900,0,41,1,1,9,8
2900,0,17,0,1,NA,NA
3400,0,37,0,1,7,7
3400,0,32,0,0,8,8
5000,1,63,0,1,8,10
5000,0,57,0,0,9,9
6000,0,32,1,1,9,9
6000,0,32,1,1,8,8
5000,0,23,0,1,8,7
3800,0,37,1,1,7,6
3800,0,36,1,1,7,7
4300,0,22,0,1,5,3
3200,0,30,0,1,8,8
3200,0,31,0,1,8,7
1767,1,46,0,1,10,8
1400,0,23,0,1,8,7
1400,0,56,0,1,3,8
1700,0,33,1,1,10,8
1700,0,36,1,1,9,8
2500,0,52,1,1,9,8
2500,0,25,1,1,8,7
2500,0,24,0,1,6,7
2500,0,28,1,1,NA,10
1600,0,39,0,1,7,7
3500,0,49,1,1,8,9
1200,0,26,0,1,10,8
1355,0,58,0,1,8,7
4600,0,29,1,1,8,7
3100,0,44,0,1,8,9
4400,0,44,1,1,9,9
4400,0,45,1,0,9,9
3000,0,28,0,1,8,8
1600,0,33,0,1,8,8
1600,0,21,0,0,7,6
2100,0,45,1,1,7,6
2100,0,41,1,1,9,9
8500,0,23,0,1,NA,10
8500,1,47,0,1,9,9
8500,0,47,0,0,10,10
8500,0,28,0,1,NA,9
1230,0,69,1,1,8,7
1230,0,67,1,1,9,7
3600,0,44,1,1,10,10
3600,0,45,1,1,8,10
2021,1,45,1,1,6,8
3900,0,38,0,1,6,6
2300,0,28,1,1,5,9
2300,0,37,1,1,8,10
3000,0,54,1,1,7,7
3000,0,51,1,1,9,7
2600,0,33,1,1,9,9
2600,0,32,1,1,10,10
1500,0,22,0,1,7,8
7000,0,42,1,1,9,9
5500,0,49,1,1,8,7
5500,0,45,1,1,4,7
5500,0,20,0,1,8,6
5500,0,18,0,1,7,7
2600,0,32,1,1,8,10
2600,0,41,1,1,8,9
4000,0,38,1,1,8,8
4000,0,35,1,0,8,8
3200,0,37,1,1,8,6
3200,0,38,1,1,4,7
2700,0,39,1,1,7,7
2700,0,37,1,1,7,7
3200,0,51,1,1,8,8
3200,0,50,1,1,5,5
3200,0,22,0,1,5,10
2300,0,25,1,1,7,8
1600,0,58,1,1,7,8
1600,0,71,1,0,9,9
1800,0,57,1,1,2,5
1800,1,61,1,1,3,8
1800,1,26,0,1,9,8
2800,0,27,1,1,8,8
2800,0,27,1,1,8,8
1700,0,35,0,1,10,7
1700,0,66,1,1,8,8
1700,0,56,1,1,4,8
3200,0,30,0,1,8,8
3200,0,31,0,1,8,9
3500,0,31,1,1,9,9
3500,0,39,1,1,8,10
3000,0,38,1,1,8,8
3000,0,36,1,0,7,8
2000,0,23,0,1,7,5
2800,0,28,0,1,9,8
NA,0,38,1,1,10,8
NA,0,43,1,1,10,8
3300,0,44,0,1,7,9
3500,0,27,0,1,10,9
3500,0,53,0,1,10,8
3500,0,20,0,1,10,6
2000,0,27,0,1,NA,10
1300,0,30,0,1,NA,10
1900,0,34,0,1,8,8
5600,0,44,1,1,5,9
5600,0,46,1,1,5,7
600,1,25,0,1,10,8
3886,0,38,1,1,3,7
3886,0,54,1,0,4,5
1900,0,59,1,1,7,10
1900,0,56,1,0,6,10
1650,1,28,0,1,5,8
1650,0,54,0,1,4,8
2500,0,27,0,1,5,4
NA,0,57,1,1,0,5
5000,0,20,0,1,8,9
5000,0,44,1,1,9,6
5000,1,40,1,1,5,5
5000,0,18,0,1,9,8
4600,0,30,1,1,9,9
4600,0,30,1,0,10,9
800,0,54,0,1,5,8
1680,0,20,0,1,9,7
1680,1,42,0,1,4,5
2500,0,31,1,1,4,6
2500,0,28,1,0,7,5
1400,1,39,0,1,9,7
1400,0,19,0,1,8,9
3350,0,46,1,1,8,8
3000,0,42,1,1,9,9
3100,0,25,1,1,8,10
3100,0,26,1,1,9,9
2800,0,41,1,1,10,9
2800,0,38,1,1,9,9
2400,0,33,1,1,8,8
2400,0,40,1,1,8,7
1800,0,28,0,1,8,8
1300,0,67,1,1,8,8
1300,0,79,1,1,5,8
2800,0,29,1,1,8,8
2800,0,34,1,1,8,8
3300,0,36,1,1,8,7
3300,0,35,1,1,8,8
2400,0,23,0,1,8,7
2400,0,22,0,0,6,9
3300,0,37,1,1,9,9
3300,0,42,1,1,8,10
2300,0,36,1,1,8,9
2300,0,45,1,0,8,9
3000,0,37,1,1,8,8
3000,0,38,1,1,7,7
4000,0,35,0,1,9,9
4000,0,30,0,0,8,9
1200,0,68,1,1,5,5
1200,0,67,1,1,5,5
2500,0,37,1,1,8,10
2500,0,41,1,1,9,8
2500,0,45,1,1,10,10
2500,0,20,0,1,8,7
399,1,49,0,1,6,8
625,1,36,0,1,8,5
1818,0,26,1,1,5,10
1818,0,26,1,1,8,8
2100,0,45,0,1,9,8
2100,0,19,0,1,8,9
2000,0,51,1,1,10,5
4500,0,24,1,1,10,10
NA,0,36,0,1,10,8
2800,1,35,1,1,8,7
2800,0,44,1,0,8,8
800,0,22,0,1,8,8
1400,0,43,1,1,5,8
800,0,23,0,1,8,8
NA,0,45,1,1,5,8
NA,0,39,1,1,5,8
NA,0,39,1,1,10,8
NA,0,44,1,1,9,8
1700,0,61,1,1,7,7
1700,0,63,1,1,NA,8
NA,0,28,1,1,9,10
NA,0,50,1,0,8,9
3300,0,31,1,1,8,8
3000,0,34,1,1,9,8
3000,0,43,1,1,8,9
4000,0,38,1,1,9,9
1500,0,52,1,1,5,5
1500,0,67,1,1,3,7
2000,0,37,0,1,7,10
1000,0,43,0,1,6,6
NA,0,36,1,1,7,7
NA,0,38,1,1,7,8
3500,0,26,1,1,8,7
3500,0,26,1,0,10,8
3000,0,31,0,1,8,9
3000,0,29,0,0,10,8
NA,0,35,1,1,5,5
NA,1,32,1,1,1,5
1700,0,38,0,1,6,8
2000,0,36,1,1,8,10
4500,0,34,1,1,8,7
4500,0,37,1,1,7,7
560,1,23,0,1,10,5
600,0,19,0,1,5,10
2200,0,55,0,0,5,5
2200,0,20,0,1,8,8
4000,0,24,0,1,8,9
4000,0,49,1,1,8,9
4000,0,43,1,1,9,10
2000,0,38,1,1,10,8
2000,0,33,1,1,10,10
3000,0,37,1,1,10,9
3000,0,37,1,1,8,7
2900,0,35,1,1,7,9
2900,0,30,1,1,8,8
1800,0,62,1,1,5,8
1800,0,63,1,1,8,10
3100,0,40,1,1,10,8
3100,0,39,1,1,8,8
3100,0,18,0,1,10,10
2200,0,56,1,1,10,8
2200,0,84,0,1,5,7
2200,0,55,1,1,10,10
2200,0,17,0,1,NA,NA
2500,0,26,1,1,10,10
2200,0,52,1,1,10,6
2200,0,50,1,1,10,10
2500,0,28,1,1,10,10
2200,0,23,0,1,10,10
2600,0,42,1,1,3,9
2600,0,44,1,0,5,9
2600,0,36,1,1,10,10
2600,0,36,1,1,8,10
1200,0,55,1,1,0,8
1200,0,60,1,1,5,10
850,0,19,0,1,8,8
1200,0,78,0,1,NA,8
560,0,64,1,1,6,8
560,0,66,1,1,3,6
800,0,47,0,1,10,7
3207,0,37,1,1,9,8
3207,0,41,1,0,9,10
3207,0,18,0,0,10,10
1000,0,77,0,1,9,8
3800,0,41,1,1,9,8
3800,0,43,1,1,10,8
3800,0,22,0,1,9,10
3800,0,18,0,1,7,9
1500,1,50,1,1,3,5
1700,0,38,1,1,7,7
1700,0,52,1,0,5,7
1300,1,45,0,1,7,7
1300,0,35,0,1,5,6
1000,0,49,1,1,7,4
1000,0,47,1,1,6,6
1034,0,74,1,1,8,8
1034,0,66,1,1,6,7
825,0,22,0,1,8,5
787,1,49,0,0,2,0
980,1,22,0,1,1,10
4500,0,23,0,1,NA,10
2250,0,20,0,1,10,8
4000,0,28,0,1,10,5
3000,0,19,1,1,9,9
1800,0,23,0,0,8,8
4000,0,27,1,1,6,8
2500,0,27,0,0,NA,8
2100,0,21,0,1,NA,9
630,0,74,0,1,NA,6
NA,0,22,0,0,NA,9
1468,0,17,0,1,NA,NA
3500,0,30,0,1,NA,7
850,0,18,0,0,NA,8
1300,0,30,0,0,NA,9
470,1,34,0,1,NA,5
1650,0,33,0,1,NA,8
1650,0,29,0,1,NA,8
450,0,38,0,1,NA,2
3200,0,45,1,1,NA,8
3200,0,41,1,0,NA,8
2200,0,29,0,1,NA,7
2200,0,29,0,0,NA,8
1221,0,20,0,1,NA,5
1221,1,57,0,1,NA,8
1800,0,54,1,1,NA,9
1800,0,38,1,0,NA,10
4000,0,33,1,1,NA,10
4000,0,32,1,1,NA,9
1000,0,20,0,1,NA,6
1800,0,27,0,1,NA,10
2500,0,28,1,1,NA,7
2500,0,22,1,1,NA,8
2700,0,36,1,1,NA,7
2700,0,29,1,1,NA,10
2800,0,28,0,1,NA,8
2800,0,28,0,1,NA,8
1650,0,27,1,1,NA,7
1700,0,30,1,1,NA,7
1700,0,30,1,1,NA,8
460,0,49,0,1,NA,10
2000,0,32,1,1,NA,7
NA,0,31,1,1,NA,7
NA,0,31,1,1,NA,9
800,0,31,0,1,NA,5
1500,1,42,1,1,NA,6
1500,1,54,1,1,NA,6
600,1,27,0,1,NA,7
2000,0,30,0,1,NA,8
2000,0,35,0,0,NA,8
700,0,24,0,1,NA,8
2008,0,32,0,1,NA,9
2008,0,30,0,0,NA,9
2400,0,31,0,1,NA,7
600,0,38,0,1,NA,5
1200,0,30,1,1,NA,9
1800,0,27,0,1,NA,8
900,0,25,0,1,NA,8
900,0,27,0,1,NA,7
500,0,28,0,1,NA,2
3000,0,25,0,1,NA,8
3000,0,25,0,1,NA,8
1000,0,30,0,1,NA,8
2700,0,27,1,1,NA,8
2700,0,61,1,1,NA,7
2700,0,40,1,1,NA,2
520,1,22,0,1,NA,5
5000,0,46,0,1,NA,8
5000,0,48,0,0,NA,8
NA,0,42,1,1,NA,8
1500,1,30,1,1,NA,9
1500,0,27,1,1,NA,10
5000,0,25,0,1,NA,10
3000,0,29,0,1,NA,9
3000,0,29,0,1,NA,8
3500,0,30,0,1,NA,9
5000,0,31,1,1,NA,9
5000,0,34,1,0,NA,8
2800,0,32,0,1,NA,7
2500,0,33,1,1,NA,8
2500,0,32,1,1,NA,7
2800,1,24,1,1,NA,9
2800,0,39,1,1,NA,9
1300,0,45,0,1,NA,5
2200,0,28,0,1,NA,10
1390,0,46,0,1,NA,7
1500,0,24,0,1,NA,5
1500,0,29,0,1,NA,10
1500,0,29,0,1,NA,5
1500,0,27,1,1,NA,9
1358,0,53,1,1,NA,8
NA,0,31,0,1,NA,NA
NA,0,36,0,1,NA,8
2600,0,31,0,1,NA,0
2600,0,49,0,1,NA,7
2600,0,27,0,1,NA,8
2600,0,20,0,1,NA,6
2200,0,26,0,1,NA,10
1200,1,34,1,1,NA,7
650,1,30,1,1,NA,8
1800,0,38,1,1,NA,8
1800,0,41,1,1,NA,8
1400,0,37,0,1,NA,7
NA,0,41,0,1,NA,7
NA,0,23,1,1,NA,9
1200,1,36,1,1,NA,10
1200,0,33,1,1,NA,6
1900,0,45,0,1,NA,10
1900,0,18,0,1,NA,10
1900,0,17,0,1,NA,NA
1400,1,24,1,1,NA,5
1400,0,24,1,1,NA,5
1000,0,36,0,1,NA,6
1200,0,52,0,1,NA,10
NA,0,37,0,1,NA,5
2000,0,35,0,1,NA,5
NA,0,45,1,1,NA,8
NA,0,41,1,1,NA,8
3300,0,33,1,1,NA,10
2200,0,41,1,1,NA,8
2200,1,35,1,1,NA,10
8500,0,42,1,1,NA,9
8500,0,40,1,1,NA,5
3600,0,67,1,1,NA,8
3600,0,49,1,0,NA,8
NA,0,30,0,1,NA,10
NA,0,30,0,1,NA,10
1600,0,26,1,1,NA,4
1600,0,33,1,1,NA,9
5000,0,21,0,1,NA,8
5000,0,54,0,1,NA,10
5000,0,48,0,1,NA,8
5000,0,19,0,1,NA,8
NA,0,43,1,1,NA,9
NA,0,42,1,1,NA,9
2000,0,25,1,1,NA,7
400,1,25,0,1,NA,3
4000,0,35,0,1,NA,9
4000,0,28,0,1,NA,9
1000,0,28,0,1,NA,6
1500,0,19,0,1,NA,8
1500,0,53,0,1,NA,8
1500,0,34,1,1,NA,8
1500,0,36,1,1,NA,9
2500,1,39,1,1,NA,5
2500,0,17,0,1,NA,NA
1368,0,33,1,1,NA,8
1800,0,25,1,1,NA,8
1800,0,24,1,1,NA,10
700,1,37,1,1,NA,9
700,1,27,1,1,NA,8
1500,0,31,1,1,NA,10
1500,0,44,1,1,NA,10
1500,0,21,0,1,NA,10
1510,1,26,1,1,NA,5
1510,0,34,1,1,NA,10
1207,1,46,1,1,NA,7
1100,0,44,1,1,NA,6
1600,0,23,0,1,NA,10
1100,0,52,0,1,NA,3
1025,1,60,1,1,NA,5
1025,1,58,0,1,NA,5
1250,0,29,0,1,NA,6
1250,0,32,0,1,NA,5
1400,0,28,1,1,NA,5
1400,0,28,1,0,NA,3
1000,1,38,1,1,NA,2
1000,1,32,1,1,NA,1
NA,0,18,0,1,NA,5
NA,1,36,1,1,NA,4
NA,0,22,1,1,NA,5
1120,0,36,1,1,NA,9
1500,0,30,0,1,NA,7
NA,0,33,1,1,NA,8
1800,0,27,1,1,NA,10
1800,0,24,1,1,NA,10
900,0,48,0,1,NA,7
1100,1,45,1,1,NA,5
1720,1,32,0,1,NA,8
1720,0,32,1,1,NA,10
1235,1,60,0,1,NA,10
1235,0,21,0,1,NA,9
1235,0,19,0,1,NA,8
1500,0,28,1,1,NA,8
1500,0,28,0,1,NA,9
1500,0,31,0,1,NA,5
1200,0,57,0,1,NA,10
NA,0,37,0,1,NA,2
NA,0,32,0,1,NA,7
1709,0,18,0,1,NA,7
1709,1,43,1,1,NA,8
1709,0,40,1,1,NA,6
2200,0,42,0,1,NA,6
3000,0,30,0,1,NA,9
3000,0,27,0,0,NA,8
2000,0,30,0,1,NA,9
1001,0,39,0,1,NA,4
1001,0,17,0,1,NA,NA
2900,0,41,1,1,NA,1
2900,0,50,1,0,NA,7
2900,0,17,0,1,NA,NA
5000,1,31,1,1,NA,10
5000,0,50,1,0,NA,8
NA,1,36,1,1,NA,5
NA,0,33,1,1,NA,8
1800,0,39,1,1,NA,8
1800,0,38,1,1,NA,6
1700,0,29,0,1,NA,9
3000,0,31,1,1,NA,6
1400,0,35,0,1,NA,8
2000,0,23,0,1,NA,8
2000,0,24,0,1,NA,10
2500,0,23,1,1,NA,5
2500,0,24,1,1,NA,10
1800,0,30,1,1,NA,10
1500,0,28,1,1,NA,10
1500,0,29,1,1,NA,4
3000,0,28,1,1,NA,6
1780,0,51,1,1,NA,8
1780,0,47,1,1,NA,8
1684,0,22,1,1,NA,10
1684,0,27,1,1,NA,8
2350,0,45,0,1,NA,8
1951,0,28,1,1,NA,4
2000,0,40,0,1,NA,7
1200,0,28,1,1,NA,6
1200,0,35,1,1,NA,6
2100,0,29,0,1,NA,8
2100,0,40,0,1,NA,9
910,0,36,0,1,NA,7
4500,0,33,1,1,NA,8
4500,0,36,1,0,NA,NA
3800,0,30,1,1,NA,8
3800,0,44,1,0,NA,7
1600,1,55,1,1,NA,0
1600,1,34,1,1,NA,3
NA,0,37,0,1,NA,8
2700,0,26,0,1,NA,6
2700,0,50,1,1,NA,3
2500,1,27,1,1,NA,10
2500,0,36,1,1,NA,6
1050,0,24,0,1,NA,6
NA,1,56,0,1,NA,10
800,1,41,1,1,NA,5
800,1,43,1,1,NA,5
700,1,31,0,1,NA,5
4300,0,31,0,1,NA,9
1800,0,44,0,1,NA,8
2800,0,45,1,1,NA,9
2800,0,46,1,1,NA,10
2800,0,18,0,1,NA,10
2200,0,32,1,1,NA,8
2200,0,59,0,1,NA,8
2200,0,33,1,1,NA,8
2500,0,31,1,1,NA,9
2500,0,31,1,1,NA,10
2755,0,29,1,1,NA,9
2755,1,33,1,1,NA,7
4000,0,43,1,1,NA,8
3000,1,27,1,1,NA,10
3000,0,33,1,1,NA,10
1700,0,42,0,1,NA,8
1900,0,32,0,1,NA,7
1350,0,30,1,1,NA,7
900,1,46,1,1,NA,8
1000,0,54,1,1,NA,8
1140,1,64,1,1,NA,8
1140,0,70,1,1,NA,8
1950,0,39,1,1,NA,4
1950,0,17,0,1,NA,NA
3500,0,50,1,1,NA,9
600,1,41,0,1,NA,6
1384,0,27,1,1,NA,NA
1384,1,31,1,1,NA,9
1950,0,41,0,1,NA,5
1950,0,43,0,0,NA,7
3000,0,50,1,1,NA,9
3000,0,71,1,1,NA,10
1800,1,33,0,1,NA,9
1100,0,28,0,1,NA,6
5500,0,34,1,1,NA,10
5500,0,71,1,0,NA,10
5500,0,69,1,0,NA,10
5500,0,46,1,0,NA,9
NA,1,53,0,1,NA,5
NA,1,25,0,1,NA,6
NA,0,21,0,1,NA,7
3000,0,40,1,1,NA,8
3000,0,39,1,0,NA,9
1829,1,28,1,1,NA,8
1829,0,25,1,1,NA,8
2000,0,38,0,1,NA,6
2000,0,31,0,1,NA,10
1100,0,31,0,1,NA,7
1500,1,35,0,1,NA,5
1600,0,38,1,1,NA,10
1600,0,30,1,1,NA,8
1100,0,52,0,1,NA,10
NA,1,18,0,1,NA,9
5000,0,44,1,1,NA,10
5000,0,37,1,0,NA,9
5000,0,29,1,1,NA,9
5000,0,28,1,0,NA,9
2000,1,32,1,1,NA,10
2000,0,27,1,1,NA,9
1400,1,45,1,1,NA,7
1400,0,58,1,1,NA,5
5500,0,46,0,1,NA,9
1800,0,25,1,1,NA,5
3000,0,32,0,1,NA,8
3000,0,55,0,1,NA,4
1800,0,43,0,1,NA,8
4500,0,30,0,1,NA,9
2200,0,31,1,1,NA,8
2200,0,36,1,1,NA,8
1580,0,33,1,1,NA,8
1580,0,37,1,1,NA,8
1780,1,58,0,1,NA,7
1780,0,51,1,1,NA,8
NA,0,26,0,1,NA,7
1400,0,21,0,1,NA,7
2000,0,38,1,1,NA,10
2000,0,43,1,1,NA,9
2500,1,40,0,1,NA,10
3000,0,25,1,1,NA,10
3000,0,49,1,0,NA,10
3000,0,35,0,1,NA,7
2200,0,58,1,1,NA,8
700,0,34,0,1,NA,6
1500,1,30,1,1,NA,7
1500,1,31,1,1,NA,6
2297,0,40,1,1,NA,5
2297,0,37,1,1,NA,9
1600,0,30,1,1,NA,5
2000,0,37,1,1,NA,8
2000,0,39,0,1,NA,8
4000,0,33,1,1,NA,9
2000,0,43,1,1,NA,6
2000,0,47,1,1,NA,7
1600,1,35,1,1,NA,6
1300,0,62,0,1,NA,9
1300,0,36,0,1,NA,6
NA,1,18,0,1,NA,5
NA,1,50,0,1,NA,1
NA,0,43,0,1,NA,5
NA,0,35,0,1,NA,9
NA,0,27,1,1,NA,8
2000,0,28,0,1,NA,10
NA,0,37,1,1,NA,7
700,0,23,0,1,NA,6
700,0,23,0,1,NA,6
2300,0,24,1,1,NA,10
3500,0,40,0,1,NA,9
1400,0,35,0,1,NA,9
2300,0,34,0,1,NA,8
7000,0,32,1,1,NA,8
7000,0,37,1,0,NA,8
4000,0,35,1,1,NA,4
4000,0,33,1,1,NA,7
2000,0,59,1,1,NA,6
3500,0,34,1,1,NA,9
3500,0,29,1,1,NA,9
1100,0,33,0,1,NA,9
2200,0,44,1,1,NA,7
2200,0,41,1,1,NA,8
1300,0,31,0,1,NA,10
1500,0,36,1,1,NA,6
1850,0,30,1,1,NA,9
3000,0,25,1,1,NA,4
3000,0,32,1,1,NA,4
3500,0,27,1,1,NA,10
3500,0,36,0,1,NA,9
3500,0,27,0,1,NA,7
3000,0,38,1,1,NA,8
3000,0,38,1,1,NA,10
2200,0,39,0,1,NA,10
2000,0,30,1,1,NA,8
2000,0,29,1,1,NA,8
NA,0,42,1,1,NA,10
2450,0,35,1,1,NA,6
2570,0,39,1,1,NA,8
1400,0,22,0,1,NA,9
3200,0,32,1,1,NA,7
2800,0,33,1,1,NA,7
2800,0,27,1,1,NA,7
2300,0,33,0,1,NA,9
2000,0,38,0,1,NA,5
2500,0,43,0,1,NA,7
2500,0,48,0,1,NA,8
1400,0,23,0,1,NA,5
2000,0,29,1,1,NA,9
2000,0,34,1,1,NA,9
1100,1,49,0,1,NA,5
1600,0,23,0,1,NA,7
3400,0,31,0,1,NA,8
3400,0,43,0,0,NA,8
1980,0,30,1,1,NA,8
1980,0,26,1,1,NA,8
2800,0,31,1,1,NA,9
2800,0,41,1,1,NA,10
2200,0,32,1,1,NA,9
3000,0,28,1,1,NA,10
3000,0,30,1,0,NA,10
1418,0,30,0,1,NA,5
4200,0,41,0,1,NA,7
3200,0,28,0,1,NA,8
1400,0,48,0,1,NA,3
1500,1,41,0,1,NA,8
NA,0,31,1,1,NA,8
8500,0,44,1,1,NA,8
6000,0,43,1,1,NA,10
6000,0,39,1,0,NA,8
3600,0,29,1,1,NA,9
3600,0,32,1,1,NA,9
3000,1,22,0,1,NA,9
1900,0,38,1,1,NA,7
5000,0,48,1,1,NA,9
5000,0,49,1,1,NA,9
5000,0,24,0,1,NA,9
5000,1,20,0,1,NA,9
1000,0,38,0,1,NA,9
1000,0,37,0,1,NA,10
3770,0,32,1,1,NA,8
3000,0,34,1,1,NA,5
3000,0,30,1,1,NA,5
900,0,44,0,1,NA,5
NA,0,23,0,1,NA,2
650,0,22,0,1,NA,4
900,0,28,0,1,NA,8
4500,0,48,1,1,NA,7
2300,0,24,0,1,NA,7
2300,0,22,0,0,NA,6
648,1,43,1,1,NA,9
648,1,32,1,1,NA,9
1400,0,38,0,1,NA,7
2450,0,28,1,1,NA,8
2450,0,35,1,1,NA,8
7000,0,28,0,1,NA,9
7000,0,34,0,0,NA,8
2750,0,29,0,1,NA,8
2000,0,35,0,1,NA,8
2000,0,21,0,1,NA,8
3000,0,24,1,1,NA,8
3000,0,28,1,1,NA,7
3400,0,28,0,1,NA,8
1850,0,32,0,1,NA,7
2200,0,42,1,1,NA,9
NA,0,36,0,1,NA,10
2300,0,56,0,1,NA,8
2300,0,40,1,1,NA,8
2300,0,17,0,1,NA,NA
2400,0,27,0,1,NA,10
1500,0,29,0,1,NA,8
1840,0,48,0,1,NA,8
3300,0,35,1,1,NA,6
3300,0,40,1,1,NA,8
4000,0,36,1,1,NA,10
4000,0,34,1,1,NA,9
3000,0,31,1,1,NA,8
NA,0,38,1,1,NA,8
5500,0,26,0,1,NA,10
5500,0,47,1,0,NA,9
5500,0,36,1,1,NA,10
2668,0,26,1,1,NA,8
2735,0,38,1,1,NA,9
2735,0,34,1,1,NA,9
1100,0,26,0,1,NA,9
1800,0,53,0,1,NA,9
800,0,24,0,1,NA,5
NA,0,29,1,1,NA,5
2200,0,32,0,1,NA,6
2350,0,24,0,1,NA,7
2350,0,33,0,1,NA,9
2400,0,27,0,1,NA,8
3000,0,26,0,1,NA,8
3500,0,25,0,1,NA,8
5000,0,29,1,1,NA,9
1318,1,28,1,1,NA,7
1318,0,28,1,1,NA,8
2300,0,33,0,1,NA,8
2200,0,17,0,1,NA,NA
2200,1,52,1,1,NA,4
2200,1,44,1,1,NA,5
2200,0,32,1,1,NA,8
2200,0,34,1,0,NA,10
2200,1,33,1,1,NA,10
2200,0,34,1,1,NA,6
1984,0,31,1,1,NA,8
1984,0,39,1,1,NA,6
2440,0,34,1,1,NA,6
2440,0,32,1,1,NA,9
1550,0,32,0,1,NA,8
1100,0,25,0,1,NA,9
2000,0,26,0,1,NA,7
2000,0,26,0,1,NA,2
2382,0,27,0,1,NA,8
1340,0,35,0,1,NA,8
2600,0,35,1,1,NA,10
2000,0,29,0,1,NA,7
800,1,28,0,1,NA,7
2500,0,19,0,1,NA,7
NA,0,26,0,1,NA,7
NA,0,30,0,1,NA,8
500,0,25,0,1,NA,8
1300,0,29,0,1,NA,8
1300,0,42,0,0,NA,7
2400,1,38,1,1,NA,8
2400,0,37,1,0,NA,7
1500,0,31,1,1,NA,10
1900,0,48,1,1,NA,9
1900,1,50,1,1,NA,8
1500,0,31,0,1,NA,5
1500,0,48,0,0,NA,7
3000,0,35,1,1,NA,4
3000,0,36,1,0,NA,7
1200,0,27,0,1,NA,3
1400,0,28,1,1,NA,7
2000,1,37,1,1,NA,9
1200,0,26,0,1,NA,8
1300,0,28,0,1,NA,8
1700,1,30,1,1,NA,7
1700,0,36,1,1,NA,7
2000,0,27,1,1,NA,10
3600,0,30,0,1,NA,9
NA,0,34,0,1,NA,10
1350,0,63,1,1,NA,9
1350,1,58,0,1,NA,9
1500,0,38,1,1,NA,8
1500,0,41,1,1,NA,8
1900,0,33,1,1,NA,9
1200,0,29,1,1,NA,10
1200,0,26,1,1,NA,8
2000,0,31,1,1,NA,7
2000,0,42,1,1,NA,3
1141,1,63,1,1,NA,7
NA,0,39,0,1,NA,5
1200,1,42,1,1,NA,10
1200,1,36,1,1,NA,10
1300,0,44,1,1,NA,7
1300,0,46,1,1,NA,10
1300,0,19,0,1,NA,10
2000,1,34,1,1,NA,7
1200,1,30,0,1,NA,6
4500,0,18,0,1,NA,7
2800,0,25,1,1,NA,10
2600,0,24,1,1,NA,10
2600,0,26,1,1,NA,8
800,1,60,0,1,NA,10
NA,0,34,1,1,NA,NA
1450,0,26,1,1,NA,6
1450,0,29,1,1,NA,6
3000,0,49,1,1,NA,9
2800,0,44,1,1,NA,9
2800,1,42,1,1,NA,5
2800,0,17,0,1,NA,NA
1180,1,38,1,1,NA,8
1180,0,41,1,1,NA,8
1100,1,43,1,1,NA,4
1100,1,41,1,1,NA,4
1840,1,33,1,1,NA,5
1840,1,36,1,1,NA,6
702,1,62,0,1,NA,7
1100,0,24,0,1,NA,9
1500,0,43,1,1,NA,6
2000,0,38,1,1,NA,8
2000,0,33,1,1,NA,7
2000,0,48,1,1,NA,10
4000,0,34,1,1,NA,9
2673,1,48,1,1,NA,10
2673,0,34,1,1,NA,10
2400,0,42,1,1,NA,8
2400,0,55,1,1,NA,9
2330,0,36,1,1,NA,7
2330,0,55,1,0,NA,8
2100,0,31,1,1,NA,8
2100,0,27,1,1,NA,8
4600,0,21,0,1,NA,9
4600,0,52,1,1,NA,10
4600,0,22,0,1,NA,10
1600,0,40,0,1,NA,10
1600,0,20,0,1,NA,9
1700,0,32,1,1,NA,8
1700,1,40,1,1,NA,9
1750,1,30,0,1,NA,8
1750,0,36,0,1,NA,7
1686,1,47,1,1,NA,7
1686,1,38,1,1,NA,2
1700,0,28,1,1,NA,6
1700,1,38,1,1,NA,8
1470,1,39,1,1,NA,10
1470,0,34,1,1,NA,9
2500,1,32,0,1,NA,8
2500,0,27,0,1,NA,8
3000,0,31,1,1,NA,9
3000,0,38,1,0,NA,10
1600,0,29,1,1,NA,9
1600,0,30,1,1,NA,9
2500,0,39,1,1,NA,8
2500,1,39,1,1,NA,8
620,1,52,0,1,NA,6
432,1,45,0,1,NA,9
1034,1,31,0,1,NA,8
1034,0,25,0,1,NA,7
1000,0,32,0,1,NA,4
1150,1,43,0,1,NA,5
1160,1,21,0,1,NA,10
1160,1,60,1,1,NA,10
1160,0,19,0,1,NA,10
1600,0,25,1,1,NA,10
1600,0,27,1,1,NA,8
1700,0,27,0,1,NA,7
1700,0,28,0,1,NA,7
2600,0,53,1,1,NA,10
2350,0,46,1,1,NA,9
1150,0,36,1,1,NA,9
1150,0,30,1,1,NA,10
7000,0,44,1,1,NA,10
1580,0,38,0,1,NA,7
1000,0,34,0,1,NA,9
2400,0,29,1,1,NA,8
2400,0,33,1,1,NA,9
2200,0,23,0,1,NA,9
NA,1,43,1,1,NA,8
NA,1,32,1,1,NA,8
700,0,24,0,1,NA,5
5000,0,40,0,1,NA,8
4200,0,30,0,1,NA,8
4200,0,36,0,0,NA,9
1600,0,33,0,1,NA,10
1700,0,37,1,1,NA,10
188,1,33,0,1,NA,2
250,0,21,0,1,NA,10
1370,0,29,1,1,NA,6
1370,0,40,1,1,NA,10
750,1,45,0,1,NA,6
1538,0,48,1,1,NA,7
1538,0,47,1,1,NA,9
1538,0,19,0,1,NA,3
NA,0,28,0,1,NA,9
1225,0,28,1,1,NA,10
1225,0,26,1,1,NA,10
2400,0,32,1,1,NA,6
2400,0,30,1,1,NA,9
1500,0,51,0,1,NA,10
1500,0,20,0,1,NA,8
2800,0,43,1,1,NA,10
2800,1,34,1,1,NA,10
2000,0,27,1,1,NA,10
1500,0,52,0,1,NA,10
1780,0,42,1,1,NA,8
1780,0,35,1,1,NA,8
1700,1,28,1,1,NA,8
1700,0,26,1,1,NA,8
1888,0,44,0,1,NA,9
1888,0,17,0,1,NA,NA
700,0,26,0,1,NA,5
2700,0,60,0,1,NA,7
480,1,27,0,1,NA,7
2500,0,31,1,1,NA,5
2500,0,41,0,1,NA,9
NA,0,34,1,1,NA,9
NA,0,45,0,1,NA,8
1200,0,40,0,1,NA,6
3500,0,40,1,1,NA,7
3500,1,34,1,1,NA,7
2000,0,26,0,1,NA,9
1300,0,30,0,1,NA,5
10000,0,37,0,1,NA,9
10000,0,28,1,1,NA,9
5000,1,31,0,1,NA,10
3000,0,34,1,1,NA,10
3000,0,34,1,1,NA,8
2184,0,38,1,1,NA,7
2184,0,38,1,1,NA,9
3000,0,37,1,1,NA,9
3000,0,33,1,1,NA,8
1200,0,30,0,1,NA,10
970,0,30,0,1,NA,9
1200,0,51,0,1,NA,8
2200,1,26,1,1,NA,8
2200,0,33,1,1,NA,8
2400,0,40,1,1,NA,5
2400,0,34,1,1,NA,6
2300,0,33,1,1,NA,7
2300,0,32,1,1,NA,9
2100,0,31,0,1,NA,9
1160,1,34,1,1,NA,4
1160,0,31,1,1,NA,8
960,0,34,0,1,NA,9
2450,0,26,1,1,NA,9
1000,0,46,1,1,NA,10
1000,0,21,0,1,NA,9
1750,0,34,1,1,NA,5
1750,0,34,1,1,NA,5
1500,0,28,0,1,NA,10
NA,0,46,0,1,NA,6
NA,0,46,1,1,NA,5
NA,0,38,0,1,NA,5
NA,0,28,0,1,NA,5
6000,0,34,0,1,NA,9
6000,0,33,1,1,NA,9
750,1,26,0,1,NA,7
1300,0,31,0,1,NA,10
2000,0,33,0,1,NA,8
4000,0,29,1,1,NA,7
4000,0,41,1,0,NA,5
2740,0,29,1,1,NA,6
2740,0,28,1,1,NA,7
4800,0,35,0,1,NA,10
4800,0,38,0,1,NA,8
3800,0,35,1,1,NA,9
3800,0,36,1,1,NA,10
2000,0,35,1,1,NA,8
2000,1,29,1,1,NA,8
854,1,33,0,1,NA,8
2100,0,41,1,1,NA,8
1000,0,27,1,1,NA,8
1000,0,24,1,1,NA,9
5000,0,39,1,1,NA,9
4370,0,46,1,1,NA,9
3000,0,32,1,1,NA,8
800,0,40,1,1,NA,10
1400,0,33,0,1,NA,8
2500,0,43,1,1,NA,10
1600,0,31,1,1,NA,0
NA,0,25,0,1,NA,10
2686,0,29,0,1,NA,6
2686,0,26,0,1,NA,10
3600,0,22,0,1,NA,10
3600,0,52,1,1,NA,5
3600,0,46,1,1,NA,8
3600,0,17,0,1,NA,NA
2376,0,35,1,1,NA,6
1300,1,29,0,1,NA,9
2900,0,40,1,1,NA,10
2900,0,52,1,1,NA,10
2800,0,26,0,1,NA,8
6400,0,52,1,1,NA,7
2000,0,33,1,1,NA,8
2000,0,37,1,1,NA,8
2500,0,36,0,1,NA,7
2500,0,35,0,0,NA,7
2100,0,26,1,1,NA,8
2100,0,24,1,1,NA,7
3000,0,27,1,1,NA,10
3000,0,28,1,1,NA,10
2500,0,27,1,1,NA,9
2500,0,31,1,1,NA,9
5280,0,29,0,1,NA,8
5280,0,32,0,1,NA,8
4400,0,31,0,1,NA,9
4400,0,29,0,1,NA,7
3300,0,37,1,1,NA,8
2400,0,28,0,1,NA,7
6000,0,46,1,1,NA,5
4000,0,42,1,1,NA,10
4000,0,18,0,1,NA,9
4000,0,21,0,1,NA,10
5500,0,29,1,1,NA,9
2800,0,28,1,1,NA,9
2800,0,27,1,1,NA,9
1600,0,55,1,1,NA,7
1600,0,48,1,1,NA,7
4500,0,30,1,1,NA,10
2600,0,28,1,1,NA,10
2600,0,37,1,1,NA,9
1208,0,37,0,1,NA,7
1900,0,27,0,1,NA,6
2300,0,30,1,1,NA,5
2300,0,44,1,0,NA,7
3800,0,27,1,1,NA,7
3800,0,34,1,1,NA,10
1100,0,23,0,1,NA,10
6000,0,36,1,1,NA,8
2000,0,37,0,1,NA,5
4600,0,35,1,1,NA,1
560,0,27,0,1,NA,7
2200,0,35,1,1,NA,7
2200,0,34,1,1,NA,7
800,0,22,0,1,NA,7
2600,0,41,1,1,NA,9
NA,0,23,0,1,NA,5
400,0,23,0,1,NA,8
3500,0,17,0,1,NA,NA
3500,0,35,1,1,NA,6
1400,0,39,0,1,NA,8
1200,0,27,0,1,NA,1
3000,0,34,1,1,NA,7
3250,0,27,1,1,NA,10
3250,0,25,1,1,NA,10
2170,0,37,1,1,NA,7
2170,0,36,1,1,NA,5
1365,1,47,0,1,NA,8
1365,1,53,0,1,NA,6
1200,0,43,1,1,NA,9
1200,0,34,1,1,NA,10
2000,0,26,0,1,NA,1
2000,0,46,1,1,NA,7
2400,0,39,1,1,NA,10
2400,0,33,1,1,NA,10
2800,0,49,0,1,NA,7
2800,0,45,0,1,NA,8
2500,0,39,1,1,NA,4
1300,0,27,1,1,NA,6
1900,0,35,0,1,NA,6
4000,0,33,1,1,NA,10
2800,0,44,1,1,NA,8
2100,0,46,1,1,NA,10
2000,0,33,1,1,NA,9
2600,0,56,1,1,NA,9
2600,0,64,1,0,NA,10
850,0,29,0,1,NA,8
2200,0,34,1,1,NA,8
2200,0,27,1,1,NA,8
2500,0,29,0,1,NA,10
6000,0,39,1,1,NA,8
6000,0,35,0,1,NA,9
NA,0,18,0,1,NA,8
3100,0,39,1,1,NA,5
2500,0,24,0,1,NA,8
1200,0,23,0,1,NA,6
2300,0,29,0,1,NA,8
2300,0,36,0,0,NA,9
2450,0,40,1,1,NA,8
2450,0,45,1,1,NA,7
2300,0,28,0,1,NA,9
2300,0,29,0,1,NA,9
1500,0,26,0,1,NA,8
1500,0,30,0,1,NA,7
1100,0,53,0,1,NA,7
3300,0,32,0,1,NA,8
3300,0,32,0,1,NA,10
1750,0,38,1,1,NA,5
2300,0,48,1,1,NA,8
2300,1,38,1,1,NA,8
2300,0,17,0,1,NA,NA
1200,0,38,1,1,NA,9
900,1,25,1,1,NA,5
900,1,32,1,1,NA,4
2500,0,28,1,1,NA,9
2500,0,26,1,1,NA,10
1100,0,25,0,1,NA,9
1200,0,30,0,1,NA,8
1400,0,45,1,1,NA,8
1400,0,40,1,1,NA,8
2400,0,29,0,1,NA,9
2400,0,25,0,1,NA,8
1600,0,26,1,1,NA,5
NA,0,46,0,0,8,8
1000,0,40,0,0,5,10
NA,0,75,0,0,5,8
5100,0,47,0,1,10,9
2600,0,29,0,0,5,7
3100,0,26,0,1,10,9
3900,0,36,1,1,6,8
2000,1,57,1,0,6,8
2000,0,57,1,0,8,7
3000,0,37,0,0,6,8
3600,0,51,1,0,10,9
2200,0,31,1,0,9,10
4000,0,56,1,1,8,8
5000,0,32,1,1,9,8
3100,0,29,1,0,8,8
3500,0,24,1,0,7,6
2000,0,27,0,1,10,4
1540,0,46,1,0,2,5
1540,0,18,0,1,7,8
2500,0,32,0,0,6,7
2900,0,25,0,0,9,9
3500,0,30,0,0,8,9
4000,0,28,0,1,8,8
2000,0,26,0,0,8,8
3000,0,47,0,1,7,8
3000,0,32,0,0,9,9
2050,0,25,1,1,8,9
1200,0,26,0,0,10,7
2000,0,26,0,0,8,8
2100,0,21,0,0,6,8
2000,0,31,0,0,7,7
1100,1,23,0,1,9,8
3100,0,24,0,0,5,8
1300,0,24,0,1,9,8
2055,0,19,0,0,8,10
3100,0,27,0,0,4,3
