lwage,educ,exper,inst1,inst2
1.19754000818738,14,1,1.93184381046463,3.2908570775747
1.85306003509185,14,2,4.02377638327379,1.9668481901257
1.34446203868189,14,3,2.89613163292844,0.740730372720927
1.43321296548956,14,4,2.69885032953759,-0.258059738610533
1.56812498492596,14,5,0.0833764776560866,-0.270112577040448
1.69989095177025,14,6,6.50987580181113,-1.48186439286533
-0.720262603285909,14,7,5.62639765750056,7.79162023817583
1.66918800607987,14,8,2.93279766093743,7.83267483691561
1.67596201100745,13,4,5.92160128826012,4.34670344355418
1.51839805381572,13,5,8.29623981476604,-4.37045320202131
1.55919099671718,13,6,5.98257063101453,8.96100817264472
1.72540995812651,13,7,4.62619824209002,-0.719229581341798
1.62202205887657,13,8,8.80380052335819,-5.34213116234519
1.60858801137049,13,9,0.0698798203085289,7.94917921841119
1.57238499351611,13,10,5.61560756445786,5.70317029523376
1.82033400082637,13,11,3.37867803807884,2.447480928036
1.51596290566916,12,4,5.3255841271746,7.27783055195405
1.73537901152527,12,5,3.1447669561821,-2.15641562059414
1.6317440503895,12,6,3.24263797586215,2.65699703656583
1.99822901878921,12,7,7.19442414584923,2.49885409166119
2.18401407946463,12,8,5.86343661254267,-1.89044314409142
2.26666185080272,12,9,4.00881066958097,-3.97885061610944
2.0699438813559,12,10,6.30179086943019,4.23367057026889
2.87316105532575,12,11,4.83637533049905,3.97600628756434
1.89411495430075,12,2,3.04855838928681,6.47996331814467
1.47115894790353,12,3,5.1029819765309,0.282195465390801
1.47349797588066,12,4,5.03035236620217,-5.44246641034564
1.74091402191045,12,5,3.03463112061636,0.13798260917689
1.82321407846935,12,6,2.96884838795625,1.19303303215772
1.90827295861075,12,7,2.82000302659545,-1.74429750175652
1.74244698367255,12,8,3.66872550942706,2.945352520078
2.13568899766809,12,9,7.63870643868129,1.08156713165018
1.94877504132965,12,5,2.50958584676538,0.526661237118005
1.96225907408385,12,6,3.52200872731968,1.85129175319459
1.9632970035779,12,7,5.48970341054458,4.2046497317083
2.20251605275417,12,8,2.07991943539557,2.93832154597581
2.13495398916006,12,9,2.52643176094145,0.4140823069521
2.12582300964926,12,10,5.91015493109379,0.0329197396130438
1.99101700756295,12,11,4.7991996769626,0.855295044078034
2.11239294419006,12,12,6.32033195315651,-1.37433132869719
0.258554941276874,10,2,3.31886769674598,4.14700571805209
1.31997203661734,10,3,3.83458551393288,4.911704493476
1.46208497219954,10,4,3.58693368499619,4.71713364922982
1.32028700176744,10,5,2.54257082162796,0.023576689508195
1.70364703174828,10,6,5.45749641129318,0.605948235526266
1.44580301930401,10,7,-0.877308613238772,1.42256601702654
1.80636408409124,10,8,3.21823450482585,4.44890659490736
2.14811990371387,10,9,3.88273312566729,1.66176016043172
1.73728501504971,13,2,1.05835693574857,0.863238199978247
1.98960099363003,13,3,4.40098405595861,3.06028387606626
2.18991706460519,13,4,-2.01410800579756,6.09042481730543
1.85546304814836,13,5,2.88754247256483,1.70887547755343
1.92243800674515,13,6,6.81310339434378,-0.171658812232639
2.06102393654749,13,7,7.18577424424971,1.29709107647474
1.78220199169791,13,8,7.88497293827154,2.11318384676624
2.41468194848156,13,9,5.01012467495262,2.35242246543393
1.20873497715978,12,2,4.59627004711496,-0.0255899875189542
1.19403991612064,12,3,2.78702191860434,7.69426733794832
1.1704410153141,12,4,5.29217545806482,3.82802950399715
1.09796501256346,12,5,2.49199086851145,-0.814086599686371
0.765816246555983,12,6,4.17494511186569,3.78924535800205
1.11902593840238,12,7,4.2618553498715,1.54558949847674
1.11936701159697,12,8,3.97195048898846,2.34262588976697
0.831459507532821,12,9,4.48303402902123,2.47661657992635
0.502470093342315,11,2,4.73051832003844,2.92084370886453
1.06491192364959,11,3,2.24492332801011,-1.74877042633192
1.18949796751522,11,4,4.23810505562375,6.00327345773977
1.53988899352429,11,5,4.96357028062958,2.77515698231387
1.59828606104414,11,6,2.71790296631268,1.16248832467936
1.73732102350695,11,7,-1.16199846585948,4.38821706030228
1.98845601457007,11,8,2.42406133780818,5.02904132410147
2.15867902909669,11,9,6.38365499632755,1.86800096003318
1.00529393718937,10,2,5.4323695329147,2.28127334500953
0.93768742131125,10,3,5.43444382616071,-0.111545766835047
1.36748799988583,10,4,0.862354214696683,-2.01156237713978
1.37800893154911,10,5,3.39951536053457,-2.61974505970724
1.1701840497367,10,6,0.373119758187481,-2.62149259361946
1.728221087784,10,7,-0.255379783604605,-0.821758769066709
1.70986496052887,10,8,2.43354788354963,0.805572585642105
1.85107501497033,10,9,2.41122846808508,6.65158897982718
1.13054503462822,14,2,3.56272080068936,4.45684836537056
0.836248020867285,14,3,5.39561526089218,-3.02136751220142
1.46736006842775,14,4,4.05260360193968,0.914855471832233
1.0714839537798,14,5,-0.174097989065873,0.952686658186549
1.44592003709721,14,6,4.95514009951205,4.43932000865205
1.68511607547835,14,7,4.20954406868294,6.1940680238006
1.68617500256915,14,8,5.84021233443442,0.372865784643372
1.75513001053984,14,9,6.16820452720039,3.63325326635188
1.56569195981172,14,2,4.44296193376401,1.66547393296981
2.4938750630743,14,3,1.94640685969278,-0.425779603010021
1.82266197993937,14,4,1.46208993195916,4.70851174966347
2.38033609980289,14,5,2.82794610240673,-0.637048628281463
2.21712904040557,14,6,6.08146936200321,2.09374942405266
2.2720320666755,14,7,10.7650283601058,3.75906096841571
2.35379907923679,14,8,2.25447839612467,-2.44022702108053
2.42944996365836,14,9,4.42920317299755,0.931851784973937
1.91800294018227,11,3,3.47444565025757,4.20083140545696
0.765407654281807,11,4,2.56998020595958,3.04072076613838
1.97818509280704,11,5,5.13136264697196,4.83818598721699
1.94855405086465,11,6,-2.77216218179518,4.19000067093737
2.03702594732444,11,7,3.71088256933721,0.320111348577446
1.90257504395922,11,8,3.00545891973225,5.19169032299043
1.97260403302689,11,9,3.31117070348251,0.0231194065966061
2.1869818660774,11,10,3.08453145804182,2.49752983541203
1.78447201344062,11,2,2.35483310838762,1.09638033655316
2.17998292394518,11,3,7.23667849032483,1.34321810812064
1.96386500584878,11,4,1.82176298645881,2.3639738693263
2.04493310329946,11,5,4.80718194596903,4.04247134584914
2.01286103043216,11,6,2.05763052666771,0.993536056970242
2.09698609448289,11,7,5.143117467496,4.18319919373794
2.14396592599873,11,8,4.2673348874776,3.84722376919371
2.24128391799211,11,9,2.18210660683573,0.0765450435117065
2.01331306389749,15,2,6.98750110720143,-0.0854814879363053
1.96215199048996,15,3,2.03842999609037,4.43592132876966
2.27564099922104,15,4,4.64629664482362,4.0437024608327
2.19491795245461,15,5,3.74158416449073,1.28916096327882
2.42833709195008,15,6,6.64248137603888,1.7934185293598
2.72303700253553,15,7,5.71983126514188,0.450853483373147
2.96639609502995,15,8,7.72874258475382,1.57069428696093
3.06505201827873,15,9,4.01735677203965,2.30420150343118
1.56418099399407,12,4,5.7029724807899,0.977907568426717
1.6835459803021,12,5,2.43492188547346,1.8698879244255
1.69050300191259,12,6,8.57504123493871,3.75342163536096
1.6608719689142,12,7,4.66827351413783,2.43894827396116
1.69805095274263,12,8,3.3269182155359,0.613282027813174
1.67176790281201,12,9,0.378910191110005,2.84216019995806
1.63571794732956,12,10,3.56420834871705,6.65485747169868
1.78697098940292,12,11,4.58491905495162,1.95642472023658
2.10718993184211,12,3,6.00222074431101,4.03435431114504
2.08901090888646,12,4,8.34173935520438,0.54556845247936
2.04272387329467,12,5,2.47337185469634,8.10511612052822
1.30815599320649,12,6,6.87152582437826,1.2827153248269
1.4881520590686,12,7,6.01410524475875,9.08312689473714
1.54281795193711,12,8,4.75379168847754,2.813142020869
1.53513507514155,12,9,1.22225915272124,1.16953328687422
1.45433602034787,12,10,7.1833498923577,4.05421357937662
1.62991198092984,11,2,2.57948002980727,3.98157014348656
1.77511301597045,11,3,4.55861142665423,2.69932092233263
1.96725594080282,11,4,2.48308980415367,4.0032682307996
2.07518602479838,11,5,3.67615915253451,-3.94191189663092
2.12883400062383,11,6,2.76302413065959,7.76587089191038
2.26841904427314,11,7,5.15171838003431,3.16588003055821
1.99213896775104,11,8,5.67884562604954,3.62292199969933
2.4215550684031,11,9,5.14602783982953,-1.38878058420258
1.78607598210304,12,3,2.35026038376775,-3.50101832629398
2.28076598817293,12,4,3.73190125370107,8.79618862412332
2.26426598447313,12,5,1.30944544577604,1.8389852239003
2.27545591213066,12,6,5.55907575983355,4.88792321569989
2.20813296395885,12,7,7.04199994554294,4.51678475401539
2.19985198933104,12,8,6.40335998414461,-2.36380761280113
2.20689990888439,12,9,1.81800085838955,2.47328850388393
2.47686700158429,12,10,4.47476609146461,5.39699221557829
1.64338694698245,12,3,3.76158986617705,-2.50398891019259
1.33558000437875,12,4,3.95221610299128,0.305658425848493
1.52281797882051,12,5,4.240910181392,4.43668178593145
1.41885097126705,12,6,5.84567511518328,0.666786230292895
0.903927379625152,12,7,7.08639533367714,6.14090478724722
1.88856398649924,12,8,1.58282174049654,4.87213959720713
1.78345000774545,12,9,5.36534458616067,6.87691306505423
1.69800791912913,12,10,3.52894638250793,2.17730233815532
1.83819699509712,12,3,5.23983042140748,-1.55830904131911
1.81707705721232,12,4,0.805409369019681,1.93898322041858
1.67174003469488,12,5,3.30215635456337,5.12965546389911
1.57283104261401,12,6,7.25988438081563,3.25103089008584
1.68254604062468,12,7,2.13770023666215,0.600442286921718
1.58364003025828,12,8,8.11577208456005,9.02268402402202
1.77329305979502,12,9,5.11308737422274,5.96072483174352
1.86107899624617,12,10,0.58261616644036,-2.36621793545827
1.46288804312125,12,2,3.74190615280087,3.48486497159667
1.57021705208081,12,3,4.35627446427903,4.63195200365769
1.65660205057754,12,4,3.81237798603703,0.0630172532045927
1.72540995812651,12,5,-0.467895410451697,1.69395710364667
1.7721589785009,12,6,3.54179274494625,5.33341153803482
2.01108409773033,12,7,1.62029512880149,5.22797217404668
1.99101700756295,12,8,2.14168477688758,2.64761920316263
1.95205104083826,12,9,3.21180464234199,0.249422827224142
1.65209498377048,11,2,1.45109765404567,2.87932744872965
1.48953501145009,11,3,4.43533448293696,2.02057421211258
1.88117601259584,11,4,3.08149791242311,7.37982740916738
2.06103207248809,11,5,2.03207082927738,6.39631795645391
2.48883608609781,11,6,4.45601283715822,4.43194205628676
2.43093802550873,11,7,8.76619550165902,-2.6331505826122
2.53456001272273,11,8,3.9232959539949,5.27640040129715
2.06960204218465,11,9,3.22835219857954,-3.44289388211348
2.16583896148632,12,5,7.14697661779798,1.48186747605444
2.3254001391812,12,6,3.63685874120011,6.79471989329237
2.38365103083515,12,7,6.58403441688091,0.220949945113668
2.33721209813139,12,8,3.32171295526984,4.00624642765318
2.41250807475653,12,9,6.64389966133551,-1.72437207162478
2.3841459092958,12,10,6.2399061823394,2.83815480034295
2.35203009033248,12,11,4.98846291747976,6.79240038287376
2.57775683659218,12,12,11.17749758533,1.5164599759711
0.972626338412109,13,2,3.80130218950116,1.33139761043205
1.00310400590936,13,3,7.58557692110224,5.20548655867347
1.09963496555579,13,4,7.81796135229449,1.87240272632193
1.21458396628707,13,5,5.4484942554703,3.17690349017894
1.31924198957307,13,6,4.5159506497269,1.07211335116657
1.38974201113871,13,7,2.51629355978332,0.348350070914945
1.57353788928184,13,8,10.8492354302498,-4.75664631865098
1.90069998403497,13,9,3.72073277077821,5.96183475701832
1.68262697823696,12,5,4.49729667650063,6.87409227410205
1.66170592662792,12,6,5.26732096418492,3.06101471488048
1.75504197374289,12,7,2.50372482226337,0.149548082315203
1.75345099718963,12,8,3.85695157680575,4.42705086509108
1.61800800406649,12,9,4.64719316750229,-3.49424490574345
1.64817906831048,12,10,3.34532554181395,6.55910594666242
1.7458939441294,12,11,1.7995335687257,2.65746867566647
1.72708200510502,12,12,7.40996965669549,1.44150603640954
1.93934500270848,14,2,7.35907746215705,4.12636916197751
2.12026407219995,14,3,7.20375207077095,3.53095994256623
2.16050701845439,14,4,5.95957131456553,1.90723867316292
2.48925393662851,14,5,5.01705387003638,7.19385704610043
2.37569400196459,14,6,5.18949481482257,4.34680125955874
2.29588699070776,14,7,8.62095595616972,-0.100211197223244
2.29908988185392,14,8,1.4400866324424,-0.128008924923604
2.5818788567506,14,9,5.0310028177839,3.69052051670022
1.38684698339607,12,2,1.92916108561859,3.07711785764151
2.12758204248276,12,3,7.96952407968812,1.85590371118786
0.968870240733117,12,4,4.47062403614375,2.83302143476592
1.16359902184366,12,5,2.33014981317627,6.34522549302129
1.35661902158814,12,6,4.9839349313015,4.97518256581835
1.41625293780991,12,7,1.80413345081204,10.1553994034776
1.21498294961496,12,8,1.40455365060473,-2.48544847458545
1.63935897914703,12,9,2.75258943425445,-4.46517920213113
0.683725081667706,12,2,5.43614180809172,1.7917188875474
1.07898900528885,12,3,1.02051889962571,4.02295586886977
0.839635752696287,12,4,2.69553058620708,5.71685395838132
1.50756893868791,12,5,3.2737544528944,-1.63972250911011
1.02065208053084,12,6,6.79648845336453,3.36631958429868
0.542597741806327,12,7,4.26845610223729,1.49291247048069
0.114716293561789,12,8,4.15041882369327,1.09302413702664
0.31285181509994,12,9,5.16777971742759,3.16181707195778
1.62677204452099,12,4,1.87328873931945,2.11630326360946
1.88087501700791,12,5,5.71953419274362,-0.162207995880164
1.74119703050744,12,6,3.07351971127048,0.736975163522045
2.19478794448939,12,7,3.52605896870452,1.11840407038857
2.08383605912815,12,8,4.48379537735946,5.34794891789522
1.91844799231567,12,9,4.91461525368993,10.9160520030679
2.15671395794481,12,10,0.261350248893361,-1.27777524335333
1.98504102300834,12,11,0.0127701194667238,4.78092678496844
1.39670594696476,12,2,1.38895624649265,1.40858405341699
1.51982600061938,12,3,2.75486380795265,5.02304217129162
1.50915298305692,12,4,5.01794656606783,0.473284116024306
1.64504193940928,12,5,5.87841012701207,1.21633096624651
1.54901504901307,12,6,5.37764672025935,-1.53443199229577
1.82695600649228,12,7,4.47793616348037,-2.72725820155876
1.88368001677499,12,8,4.35600554085794,0.0795758200857652
2.02366086508862,12,9,4.07156535468481,8.39486957335285
1.73141695032518,12,4,3.46303903813816,-2.04132919063965
1.81375896269144,12,5,3.62729582904327,-1.09457906458937
1.70004793651904,12,6,4.58329796601078,-2.01663813012641
1.93964898883618,12,7,1.65724668799212,3.77153620934325
1.9357529965303,12,8,0.862111495454849,6.79787373696957
2.09978512557378,12,9,2.29452521913931,1.12416831609617
2.19204715313194,12,10,0.530816159512416,7.34633902006382
2.0051429455893,12,11,3.51233004975755,5.2311753754053
2.82178303092229,12,2,2.98750265297527,3.28371731971179
2.17998292394518,12,3,3.29999370223963,-1.18649169487191
2.30942703344704,12,4,4.31032062244764,1.76402592804682
2.25132111396627,12,5,4.10321274474786,1.95078912053046
2.35229711783362,12,6,5.59637375379955,3.67222451837575
2.31384802735272,12,7,6.50737575014698,6.24764922233199
2.25342014260103,12,8,3.05904699775619,1.12862969814203
2.40535303082441,12,9,1.51058441706762,6.54395388500076
1.23202504508897,11,2,3.5196737510853,-0.691173389319717
1.36649203282367,11,3,5.45463867279843,6.84472525264962
1.69050300191259,11,4,0.023319602169221,2.34578880790925
1.6608719689142,11,5,1.08397028867221,3.93131269477282
1.55587602568305,11,6,2.94038068935454,6.37697173451042
-0.714125576401137,11,7,4.44177274563254,2.4873992082875
1.46848089223783,11,8,4.22482670927795,2.68979963763674
0.513005825398286,11,9,3.29203655016276,2.15409659702154
1.95957991913271,13,2,6.04220498695138,0.637887994434595
1.89333906119368,13,3,3.03094637090999,8.65603098195571
3.0962160019923,13,4,4.9766825284791,7.78316475510425
1.91081298636983,13,5,9.82717034843502,0.710021761887162
1.6152640673847,13,6,4.79470224292795,3.69573232503056
2.07652806412287,13,7,4.3037531793178,2.51270166930941
2.10753992122699,13,8,4.00627741815821,2.07106991899519
2.15558503806916,13,9,3.98640880723391,1.82162728723045
1.6556390899728,12,4,1.3299179481353,1.22986633120094
1.46425608196459,12,5,2.28538791768506,8.16240919175683
1.00782802145253,12,6,2.79391859082234,3.35226920315983
1.47794900394658,12,7,5.07889206427962,-1.81191555257601
0.618720195988711,12,8,5.68430847567168,4.62530116180883
2.22562404545792,12,9,-0.127787312536765,0.946757822173976
2.65773102859507,12,10,0.481482235749146,3.31003233703701
2.13919209926046,12,11,3.27582312970556,0.12080793373032
1.49727090731531,12,3,3.56134402692612,4.68139224415384
1.60171603533242,12,4,-0.14758556683929,-1.88511188085744
1.50484301472715,12,5,4.25807419471398,2.31924066893283
1.79804694489461,12,6,7.47989064170766,-0.229818418096494
1.65288998765792,12,7,0.227321359417639,3.30609125911846
1.76338506297925,12,8,4.48011297111234,0.702650491608288
1.72268202273617,12,9,2.06974461289455,0.0438800536045183
1.76206096889585,12,10,1.96709835296547,3.63141129081689
0.891528461857761,14,2,2.36685730039201,1.50803550157648
1.93102206956142,14,3,5.06614201681949,4.34209900434843
1.90265002101115,14,4,2.7137715960785,2.32684909794877
1.88537498663013,14,5,4.10213833547074,-0.312082794555951
1.67870793484452,14,6,2.785317193083,-1.8202355283788
1.89635799964885,14,7,6.56108319735575,3.73241999372001
1.78837001484529,14,8,3.2173866228734,6.27393061752887
1.5638269901153,14,9,3.11692923767612,5.95166005761848
0.992523989721743,10,3,-1.50159363971611,-3.05269020846958
2.34514503241279,10,4,2.16312070639966,1.13634894022284
1.68093399227917,10,5,2.31256394036877,3.23125202881736
1.98965394182,10,6,2.99929151767191,5.23804337498175
2.448013991278,10,7,6.73565308674697,0.986728768376055
2.45018001644673,10,8,2.95818508804011,2.86424811777409
2.17223902184227,10,9,4.31641736839243,1.66793701371718
2.41598395441008,10,10,1.71476298539262,7.49684138822936
1.58776197759249,11,2,4.21798619068902,5.40060717949766
1.6094379124341,11,3,4.77670046609606,-1.62859813553985
1.50818205003814,11,4,2.69166481725084,0.582111166704127
1.55551102687186,11,5,-0.18425508266039,5.65103367522335
1.54901504901307,11,6,2.96906580879955,1.53505572624998
1.61643007022434,11,7,1.59853724041523,2.70247882758329
1.82593705446963,11,8,5.45297548207851,-0.641386245661264
1.99043497106904,11,9,5.01245587617155,-1.5233283090345
1.55621302741013,13,2,4.00673736559489,2.38764501839034
0.422912021711885,13,3,6.18830263247047,3.32728637190406
0.710434097088087,13,4,5.63604878491822,4.27401954146561
0.931721660342198,13,5,2.3057807615343,2.22801646892886
-3.57907887812883,13,6,5.23372070142156,0.424581004984221
1.32275605959586,13,7,4.39787326006322,2.68656982515946
1.38970008006972,13,8,4.78720273041963,-1.90899374284266
1.54349999125955,13,9,0.692770200439305,2.41427997577335
-0.372661420865156,10,3,-0.46635764250288,-3.32517110169571
0.606314405801806,10,4,2.18604187150827,2.55469098053215
0.864880462224213,10,5,3.09262557461584,-5.91057959712649
0.512171257994019,10,6,-0.99069454928097,7.06879770103168
0.683911613702121,10,7,0.328592574285202,1.63604517922061
0.999749248255753,10,8,0.416377630256489,3.86155942580837
1.43486090505009,10,9,1.13019482405171,0.424793040766298
1.177036024976,10,10,1.35689465142316,0.816353117974741
0.883685222731021,12,2,2.33724018641671,0.457671255334909
1.42486707590603,12,3,2.95506319513141,2.06326041591908
1.36590395761712,12,4,5.68814693560389,0.690783326616694
1.3916889093447,12,5,3.82695124185675,1.14746950072318
1.79218995988699,12,6,2.78381783051616,6.37291067436859
1.94828293177857,12,7,4.79495470807271,-1.30999315751788
2.2636120547668,12,8,5.67873091702368,2.39209130818205
2.62896399139417,12,9,2.90617380692883,3.00049526747763
1.56272799305435,14,1,6.08455777090756,1.71189228331673
1.66449799854565,14,2,1.05685776675139,1.81729199003303
1.77054599615685,14,3,7.13503352347417,4.4188134794657
1.78603498223939,14,4,3.1236155769555,3.09194845654866
2.00099989849325,14,5,3.38352838194198,7.23665469894912
1.64817906831048,14,6,4.91513142215282,0.96770870594963
2.12571100774799,14,7,6.0481596707985,0.665554662247241
1.68841898600429,14,8,8.30579950464483,4.84593140567822
1.87581298438756,12,2,4.54482979497666,1.31238801978862
1.95667598887479,12,3,-0.622667465421371,7.97857661034398
1.86725404983388,12,4,5.59246702770495,3.09769379538892
2.17453291345652,12,5,5.39460738665845,5.24384109804007
1.91449701102394,12,6,5.21061918054027,3.90468277855241
2.01792598012568,12,7,2.58884740155927,3.23849508257619
2.11765909558709,12,8,2.64183320713055,2.31047225931649
1.97762891924348,12,9,4.84364482442301,6.59893025193692
1.57045098315124,12,2,2.40187595177032,-0.683877374209977
1.56218503403517,12,3,1.75300328146342,5.63452971548065
1.56997699123318,12,4,6.17499332641347,-0.0585365466345658
1.79411996439928,12,5,5.24559905773563,3.42380245805283
1.83717204687981,12,6,4.79002588995335,-3.70659035141346
1.8139350305221,12,7,-1.20265526256464,2.04752465863984
2.03839586329004,12,8,6.88766214240383,2.62582213260564
1.90590401210893,12,9,7.25532089928513,0.773559707064982
0.5968629064798,10,2,-0.383112243203259,2.67570917863913
0.474991170756775,10,3,-3.47412616425478,5.54587137509909
1.09026501356754,10,4,3.66267229029401,1.87524835923773
1.00000197607753,10,5,5.95648091036188,-3.05771604457883
0.833053069096097,10,6,3.43760131412774,-0.588314281523818
1.40128102299384,10,7,2.19461227571822,2.7036780262884
1.73412892630565,10,8,0.42807189520511,8.62728854167326
1.88287197231418,10,9,-0.0613136418135936,-0.114780125504599
2.00004409140796,12,2,6.26397407716596,-1.02576880449756
2.30771202777447,12,3,3.70430557803843,0.977766329363547
2.30881305889041,12,4,4.20653454063502,2.28525880931759
1.88041604768682,12,5,4.4967643378589,6.97133348718107
1.8699009399262,12,6,3.11582537872976,5.55694021907964
2.07919791200454,12,7,0.0777417502298619,4.94859877747628
1.88744995549459,12,8,4.67761592660879,-0.707774314617541
1.80942704113693,12,9,3.06075994632805,1.15766298816856
0.997580575396543,10,2,0.350628075999483,4.79053582026938
0.230986713150236,10,3,7.2185679754072,4.41754823334032
0.432260873375326,10,4,2.05024128575247,4.22847497054939
0.974155256359295,10,5,3.55666118263647,0.396220877519985
0.512209905206183,10,6,4.03009238518643,-0.399560421213351
0.948436321416991,10,7,2.30846300744584,0.834472345049716
1.28268802820569,10,8,4.41679103101832,1.89526706524683
1.37786697524708,10,9,3.46530089075866,5.0626666844635
1.86539302052867,13,2,6.67454617226967,6.66746168002672
2.13424992900815,13,3,4.38744431308545,2.63900783965891
1.04089697861378,13,4,5.5219485453224,1.9093340749104
1.76196804559892,13,5,1.84397648678545,6.45053472545307
1.91915797953284,13,6,0.721105008746174,5.84419360927362
2.2570660114955,13,7,5.02958080127414,7.34839064790456
2.1119539631274,13,8,5.54626340735608,7.92880026949134
1.89233102610599,13,9,3.19477517571391,1.76749766740832
1.17544100623505,13,2,1.87450312461739,4.32322785024632
1.41161199785417,13,3,3.41535615404756,2.6800052964017
1.61579498337314,13,4,4.40018496989045,-0.809849368883429
1.68894097914302,13,5,2.78565938654697,3.10862775266325
1.96155000638758,13,6,3.55625379587817,5.48791847400843
1.91054293761802,13,7,2.10446521932871,4.96637514153875
2.01830914643704,13,8,5.5748599225245,-2.39216504167875
2.28229190199116,13,9,1.55327895009533,0.0345374658918076
1.56800900461255,12,3,6.7231421157266,3.48661838945057
1.39586397594555,12,4,4.55086655035368,5.59981121641025
1.38034796630592,12,5,1.59017458464475,3.23151884054161
1.49442298702303,12,6,9.33230644519616,-0.766257492698002
1.39486396197623,12,7,3.8942657925619,0.759652535832708
1.44053900349222,12,8,5.11220998821412,0.470715868846637
1.59636203454375,12,9,1.36198111805278,8.88482650232344
1.61991701435429,12,10,2.48648397598997,-0.000943141586529972
1.60250600216266,12,2,3.63138024215949,3.29303653857749
2.03499010410895,12,3,-0.449796252224504,1.0420981798782
2.23862786420667,12,4,3.43469929000244,-2.29043879747752
2.21767091897249,12,5,3.50959574216938,5.09311099136915
2.44783092782871,12,6,1.73455825695261,2.56086845208632
2.60368992577793,12,7,4.24833288540512,2.8565642977782
2.35569003036501,12,8,4.1886663740996,2.98808909906855
2.1869818660774,12,9,5.88959958863204,2.49714347110931
0.85355845050295,11,1,5.87342109635664,9.38249968440983
0.89216700044021,11,2,2.11335541619596,2.12064822870245
0.850041265237061,11,3,1.34496474866704,3.54650047828353
0.590937695187653,11,4,6.85509999288439,5.04315218732778
1.2029729946828,11,5,6.50270457256082,3.00814176645402
1.55461804911095,11,6,4.34005264039521,2.01680043972205
1.80211603768757,11,7,4.44647538757667,0.808504778348523
1.69792997433524,11,8,5.86646628430927,-3.45638689991637
2.13524704074317,15,2,5.28606276164894,-0.519614988007048
2.22254206782046,15,3,6.10215482542758,3.62346527856731
2.13566994958719,15,4,3.8894890624838,8.43168373212989
2.23623605920045,15,5,3.06490108215426,2.7416315782156
2.34752298955651,15,6,6.77808210683747,3.57925465811038
2.4144480618061,15,7,1.216342204121,5.67686654348116
0.0494449021626777,15,8,6.99496287770018,3.15122833587303
2.62321899127465,15,9,2.86560428471981,3.1686970699475
0.819390945314195,13,2,4.75889326158035,1.82751679823711
0.589594751550073,13,3,4.42476465960475,4.1464327808872
1.39976707021752,13,4,4.28652257434278,5.43282756957641
1.55551102687186,13,5,5.59918198748265,2.63474263925836
1.61800800406649,13,6,3.52610921911204,3.45982273594895
1.60797199850711,13,7,4.01869920528213,7.88625641995014
1.610092957845,13,8,5.4794941652665,3.55866704284986
1.19745002719354,13,9,1.96234315716072,3.22233848141023
1.03962508596567,14,1,2.20008292924762,0.936787135562517
1.35986100806959,14,2,4.66101303233213,6.5609495793277
1.26050197356635,14,3,3.80975472997612,5.56274164424903
1.32271002460335,14,4,8.36717551311792,5.26185877243642
1.71877207668273,14,5,7.16466582824582,11.3168833535588
1.31039906187907,14,6,4.23420220641502,4.83064145636941
1.41162501402168,14,7,3.48378812691675,-0.677164838461043
1.38620400703808,14,8,3.97485473959209,4.91084105985166
2.2364570746081,13,3,4.00738760858101,3.32484069226202
2.37669299371919,13,4,5.68067764525177,-0.154603197045444
2.38653903411978,13,5,5.21056865225134,0.184041390664063
2.3846280142905,13,6,4.17143639453882,4.47991261575552
2.40028505136516,13,7,4.10368388847725,-0.189265220426108
2.47137897870989,13,8,5.69750440862402,2.25234846886903
2.26410008434383,13,9,7.64291503567464,4.11458706134568
2.28229190199116,13,10,5.07057792267292,3.00577221911956
2.07080506696457,12,4,5.68428882660929,2.86072283716627
1.98892697203358,12,5,4.40092170916979,0.155053789256556
1.97818509280704,12,6,4.62270551347011,2.27466612209855
2.08831498101223,12,7,1.96901031248196,6.31460931661645
2.12883400062383,12,8,7.69939057361041,0.319234265760476
2.20779393547435,12,9,2.86607770422415,1.08198101948547
2.4754090231155,12,10,4.80647759095361,5.14835577777082
2.21775386865271,12,11,4.22678874399334,1.84636864050196
1.41753996806148,12,5,3.82472803184508,0.705424649936039
1.47810191388179,12,6,3.40499280621123,5.55594014654294
1.38488401705208,12,7,1.90816197280229,2.13720532638542
1.51777100982824,12,8,2.10099987381933,5.01259865801226
1.42765403506465,12,9,7.00011646638523,2.64851732461781
1.44053900349222,12,10,4.2072234719524,4.16841080292549
1.42047204300145,12,11,7.62764285928075,0.784217821234109
1.38150596502809,12,12,6.47109647927997,3.34740291175286
1.55764306070875,11,2,6.15971182578774,-1.57413504738269
1.48243792083941,11,3,2.63518407822234,-1.45145654303379
1.24421594654352,11,4,5.91765809958495,2.9719762454352
0.720826693771686,11,5,5.49807574354638,4.21254536279727
0.807077604428838,11,6,3.78636553332386,3.14207545647709
0.823104079788035,11,7,2.36415658379464,10.1589747673594
1.10903593983078,11,8,2.78526561237028,2.50174333392181
2.23864392940292,11,9,7.18508023989202,-3.43273324767928
1.44799997492449,12,4,2.00554042665763,3.38135334315697
1.75253902140807,12,5,1.92825059452386,5.01999101504158
1.54740296407455,12,6,4.18712720770351,6.08522077557048
2.04386400011049,12,7,6.49056247776439,4.50748770920139
2.15214397921096,12,8,2.3493251134409,0.0338027407421619
2.26721815091673,12,9,4.1701566857633,4.59247897560738
2.74734309113786,12,10,8.69889040876663,5.95293727373077
2.57717987422333,12,11,4.10959451339242,1.25538272350183
0.724663676917738,10,3,3.59796681145423,3.89899473657989
1.7942629828211,10,4,4.71112984337949,0.557149716999353
1.16192803126662,10,5,0.221103081349579,-0.244953474488061
1.4595999793309,10,6,4.91275031218312,1.40531413368748
1.02822008142454,10,7,5.79868507751167,2.90999977678936
1.30333806932937,10,8,3.92106265492908,-0.989618325234815
1.64988504630288,10,9,4.33685470491249,2.92139149144201
1.30918505099246,10,10,4.62187858873292,4.28607259726246
1.90311803059091,12,4,8.47663996237032,1.32384658008245
2.02107095963724,12,5,3.81354141951861,1.07090491073432
1.89542795420901,12,6,3.16274885489365,3.59654444361062
2.12250711349726,12,7,7.10625488105058,4.16517330265745
1.88037204278465,12,8,6.63137774006141,2.82575611715221
1.99247706813568,12,9,1.79750001832139,2.20928957468094
1.96402503639271,12,10,6.29212187631454,1.93915523315068
1.92947099208854,12,11,5.09203449618444,0.130277496435722
1.08799697843182,10,2,3.80934209605708,-5.15634495195046
1.24914500297254,10,3,0.77807364301708,2.69504164872179
1.54740296407455,10,4,1.20138950511634,1.31013033954807
1.35170307162976,10,5,0.323575940949264,-3.71149018112321
1.42611698443505,10,6,4.43133728320511,0.369130622113731
1.05660101084184,10,7,1.34688092086218,0.666912411028144
1.26422296545248,10,8,1.16182249182129,0.905429202237507
2.00001001490553,10,9,3.69407071911328,3.01976784707818
1.88712396573902,12,1,8.99671250242738,1.54987176843725
1.48152101470873,12,2,3.43578871754314,1.03360958626359
1.21764195436567,12,3,6.17374671159471,2.18897353322747
0.737586130005213,12,4,5.99103228908604,6.19982894914248
1.28877295585753,12,5,9.55277070398918,-1.02030410207513
1.07350594550305,12,6,6.80322864760592,0.275280914563994
1.31717204375518,12,7,5.82776426348988,7.62012774028897
2.01705004736309,12,8,0.510462722630182,0.283107787068153
1.11100307153754,9,6,2.19117366733095,0.216128002398947
1.16209303180574,9,7,5.45154856896263,1.14388414697227
1.0618950179529,9,8,4.68082433900139,-3.40443504217937
1.12757298327635,9,9,5.53072438299804,4.75054423631542
1.1891799982926,9,10,0.200041596227207,-0.475488561857863
1.22279500998939,9,11,4.78145077561264,-1.57006389719157
1.16466697235015,9,12,1.21131888218502,-1.03234935981641
1.39589502688695,9,13,3.74142305218025,2.882221700958
1.34263898135207,12,3,-0.705694116957361,4.60015046218732
1.40649705543741,12,4,4.36178739470047,3.54970165089288
1.52970303737524,12,5,4.13776069523124,2.44452878021572
1.75759696971534,12,6,7.23179885976113,-0.0766747270694301
1.90568995258495,12,7,5.44724759656817,-0.410120690442242
1.96623194128194,12,8,3.80828062649349,0.760134924202466
2.14041705486787,12,9,2.61369585189375,-0.500543673109525
2.17555900917611,12,10,7.62396464940788,4.19441873686851
1.26407695189562,11,6,-0.486742008622161,0.898598643029193
1.27808105790819,11,7,0.251798216579866,0.220660107641846
0.999763047099267,11,8,3.20706191689383,3.56367684803444
0.965424151410437,11,9,4.03346374551841,9.08304797405284
1.02862002509807,11,10,3.30273502100882,3.05852611903168
1.01299800801202,11,11,4.21550029332091,0.548049606615354
1.28434003779682,11,12,5.71857344514301,4.22375391695261
1.40817406998394,11,13,7.46353393505282,2.14651536758154
1.55196796065948,14,1,6.08666063333707,3.53080688568136
2.12823200346827,14,2,5.48158172729889,3.64383839878073
2.75777605436217,14,3,4.62279096201687,7.32631017168015
1.50960694726114,14,4,4.84791631466276,8.80626627672215
1.93338599103464,14,5,2.01563021661606,4.44450472428867
2.27767606298711,14,6,5.21101027959021,8.25074427475817
2.26522394657432,14,7,1.22511460603452,-0.356321961812722
2.28275893722107,14,8,7.36397493868296,1.84012881842815
0.881084522606201,13,3,7.56716658800175,5.87662486258277
2.04022098552654,13,4,4.11433445018633,2.20024452867086
1.83300305486628,13,5,3.97202544592061,0.771373788070507
1.77419996624639,13,6,1.81583344873212,6.75846621210821
1.82230792722982,13,7,6.28666898048492,-0.849068366755196
2.65727403613808,13,8,2.32720528619499,2.26590253151905
2.77462701850183,13,9,4.92635539276273,-2.45198351167968
2.8517859187233,13,10,7.48076698024306,0.896890619154994
1.5433100970372,12,5,3.12544419772637,5.56761626992193
1.57021705208081,12,6,6.96216173835141,7.09177609417181
1.65660205057754,12,7,8.32663362981087,2.92960604423464
1.6608719689142,12,8,6.49424531115481,2.28468942403157
2.00099989849325,12,9,5.40776616902838,0.447826811613605
1.87132207705672,12,10,3.83248203463,4.37565874569548
1.89047502596713,12,11,7.06393992559137,-1.40474397544347
2.03543211592274,12,12,3.26178848650131,-3.10364731726137
1.41311207992533,14,2,0.870439127876343,5.98349826611785
1.66777298818027,14,3,3.23564355733107,4.99663692023497
1.92209603047606,14,4,3.6659927676526,-2.05254660760107
1.74137397319318,14,5,1.22624239117363,-0.869981282598087
2.01105000721068,14,6,5.01295401028278,1.87137642091226
2.22354289214659,14,7,6.67874746566702,1.19761163385692
2.08856201096639,14,8,8.56511903265935,-1.62032994270812
2.34130808615143,14,9,4.59164800902014,2.14007178789952
1.30281791072701,12,5,5.43925246169175,0.172246848311074
1.33072398567923,12,6,0.270763235026322,2.92460610082649
1.29956601680001,12,7,6.07536620456979,6.03457338704689
1.63109902735806,12,8,2.50960362018879,1.35645735756142
1.6591529820799,12,9,2.4546578735402,1.84118093203425
1.64817906831048,12,10,3.42388462703984,4.38641494245053
1.55400302188598,12,11,3.32166277735796,6.24245589079704
1.93374798891019,12,12,4.53569535120608,3.82209744815411
1.85346493417403,13,2,4.69630728411123,6.1846912088165
1.6094379124341,13,3,3.10059497982581,4.04566562390463
1.69050300191259,13,4,-1.61173279949404,0.202920473217643
1.53749502248978,13,5,3.83183735726431,5.85371747308299
2.04105401632918,13,6,6.5365749659246,1.50155828996643
1.92011200594836,13,7,4.74576658372797,-0.0154794401456533
2.11361911484142,13,8,5.58343431006438,2.82623020345495
2.21775386865271,13,9,7.33789863376715,2.10479154329703
1.51034297144838,12,2,5.41216262218265,6.80234168644876
1.5108570297076,12,3,2.55699593345614,1.62461519464862
1.0618950179529,12,4,2.13574616764535,6.57754908988852
1.35071694907779,12,5,1.92346166478625,-2.02672467532589
1.21604501112014,12,6,2.6017329099063,8.27369010324664
1.17391096118053,12,7,2.03223102047308,5.72740576376465
1.34042894071459,12,8,1.98450405777323,6.16609376777476
1.38150596502809,12,9,9.01188531965781,1.06818366618839
1.62238201490339,8,5,-1.98853274088897,-0.681326599434016
1.75253902140807,8,6,2.92064395056838,0.843582630265902
1.93475605854555,8,7,2.92453796178016,0.940381823337924
1.77859497966314,8,8,5.82401436655597,0.85838506733609
1.86861101362889,8,9,1.29999734072744,3.38128137811497
2.01108409773033,8,10,1.04300306721754,-0.27005793780783
2.25137210064536,8,11,3.96413176688895,5.65454700324486
2.25054403489035,8,12,3.17137390670958,0.569564997812233
1.53074708888663,11,5,2.23159837934057,9.06473291052476
1.3399929811063,11,6,3.13381575524457,4.40987466231795
1.6595690437717,11,7,3.98169659134187,1.17219507346066
1.38342296761245,11,8,-0.13290344731019,-0.786075495105299
1.51150598084006,11,9,1.7302057920952,-0.0577535381191563
1.4250349830863,11,10,2.59095885889418,2.0976836150255
1.44395990329297,11,11,6.55561350986523,0.250641782877352
1.44437898339635,11,12,5.30774467330037,3.26901225980722
1.75086606590825,12,3,3.07835157158325,-0.465209471345042
1.83237598663933,12,4,4.28737519005055,5.23452053024645
1.75504197374289,12,5,2.79680933555107,2.21775522794434
1.78210498094249,12,6,2.84874675229909,0.405510540996719
1.72176693753301,12,7,-0.368892145030044,3.13124710570066
1.73331105899454,12,8,5.47023167505946,2.14790596863231
1.76468207990006,12,9,6.3997200334136,9.39582516906756
1.90759900269214,12,10,8.01918026038617,0.99794039478431
0.556780114067026,15,2,4.19856401970989,5.0641466777015
1.55471303161985,15,3,3.80290306187835,5.18446407652984
1.68683395153749,15,4,3.92172829580081,2.52000980664841
1.64479304847729,15,5,4.55567473325544,3.15678129742586
2.21279000507383,15,6,1.33800945337476,3.50387768662048
1.89487698624414,15,7,1.85699971118066,-0.250276561825622
1.79108300714583,15,8,4.55059204926303,1.02146151070617
2.0587088980525,15,9,0.714071572337453,5.56748316556413
1.5433100970372,8,4,0.496128697665612,2.1859105685828
1.68948103241524,8,5,1.18523302319478,1.46360443728235
1.87764394205519,8,6,4.68790411062723,1.30145866542846
2.58925390226804,8,7,4.80574277181538,0.361567422085592
2.73859906323449,8,8,0.719132988125006,3.98679585933565
1.86175302208857,8,9,6.23176930666265,1.17820002754708
1.91114198059645,8,10,3.82594026709202,0.691153288579324
1.90759900269214,8,11,6.23479270421417,7.26405437858222
1.05977592564285,8,8,2.47201200888827,0.841818130087567
1.46770198302789,8,9,3.64701525889399,-0.627188718564754
1.33976302637332,8,10,2.01257792954197,-5.74256703059427
1.29462691599403,8,11,2.46757976315101,-3.23361261528933
1.25176301156218,8,12,0.0344244617508043,1.7205976277676
1.33220299789153,8,13,3.40789016739826,-1.10027676196886
1.2859410385213,8,14,2.56588624767378,5.27679024225596
1.2861960313997,8,15,0.733015435602493,1.22650977995594
1.76469800520661,12,4,2.92777152734057,-0.542587848441959
-0.723918931726703,12,5,4.22623426087217,6.82195862775222
1.89084303599632,12,6,6.74525095874963,-0.381168491033179
2.08831498101223,12,7,7.48435266698759,6.46450726720491
2.20627497641954,12,8,2.53012144669835,-0.639863131030976
2.15900395326044,12,9,5.57694959911741,5.06276001234485
2.22129707357494,12,10,2.60893470758218,6.54637711316848
1.58385391517844,12,11,5.45332892744851,6.22583693381388
1.7700829382706,12,5,-0.0738649878372919,3.31534837405453
1.60171603533242,12,6,2.43652293352964,0.924502041818828
1.54740296407455,12,7,5.67604899034246,-1.6016265903734
1.78603498223939,12,8,4.13921224459554,-4.02911411699849
1.68254604062468,12,9,3.61313218074561,5.67418600404403
1.72049902874869,12,10,2.29228588794697,0.590815700242276
1.79996096152311,12,11,1.00638891796778,-0.234900342452594
1.76099595427814,12,12,0.493559216098218,4.98765594290985
0.206286343607783,10,2,3.08363630995542,1.37037266385532
1.12105000316198,10,3,3.66136145061931,-0.397883381967937
1.08611697977051,10,4,6.6525959089081,0.0568189608560443
1.26891504708197,10,5,3.6783864616807,5.22660519624469
1.09937296594644,10,6,1.18122296825352,4.12027932925852
1.34522905575195,10,7,3.78130561543142,2.47428838334069
1.90004501281764,10,8,4.97830512978779,3.18763564971906
1.51539196714844,10,9,2.14686218514503,1.79704934696933
2.03645490131583,13,4,2.42908212702267,-0.901679801631479
1.14236799165436,13,5,4.36955271148643,3.986506028647
1.3785359926609,13,6,7.78757844181874,2.91461165887318
1.47375403344348,13,7,3.61453543878848,-2.80702278817795
1.47490700331649,13,8,1.78546017913167,5.11753436702856
1.41628207621953,13,9,7.26329618494993,2.41540072376413
1.49843300825513,13,10,2.02203310004644,2.73833782051639
1.50085291482861,13,11,7.55517951902245,-3.74013802126094
1.17833605317699,12,1,1.89461088467877,-0.827497957695744
1.08728693156616,12,2,3.68035040092222,1.05343123575934
0.00773421371219223,12,3,1.07428155006326,2.23230043938067
0.796704847061414,12,4,4.03119836358285,3.54784271712865
1.03722793457818,12,5,4.29626998238939,-0.123486687395996
1.20837399486236,12,6,3.26463050107999,2.12899947739244
1.20445897612527,12,7,-1.47919260892633,-1.81376286461212
1.85708001263149,12,8,2.42076180056077,4.44350646372105
0.97439653235718,12,3,5.59923311116192,-2.90210977273488
2.46510411749182,12,4,7.23238687168338,3.0022321795568
1.05503594886353,12,5,5.19873207014229,5.41754288648893
1.1427650500208,12,6,-0.00775041704254109,9.77125082741549
1.01274709092765,12,7,1.21974363332374,0.454312860142966
1.07281491271803,12,8,5.6334907026837,2.41692630442396
1.05998500206912,12,9,-0.658951815427742,1.6839677318252
0.926926649441213,12,10,0.530402024341078,3.51006105925267
1.03377907522414,10,2,1.79668562454146,8.97023747429039
1.29264104795365,10,3,2.63137507194682,1.6752338002023
1.31446602707717,10,4,7.73175474160211,1.75552005330115
1.25821493661418,10,5,0.988193560087605,-1.66753894160941
1.6472779228559,10,6,4.7468997784927,-0.0302276528557655
1.76596200776689,10,7,1.13752143958485,-0.845979947805982
1.79996096152311,10,8,6.22048451137903,0.72556918895472
1.81068694244676,10,9,4.61041460240459,2.2697169844004
1.37592301415187,12,5,3.35409681758994,3.64683544679949
1.35390791109782,12,6,4.00762805741604,0.683223528784778
1.34957695208471,12,7,4.58213773242623,3.71758228379048
1.35119704307635,12,8,1.34747034658739,1.23665373736369
1.37030600075006,12,9,3.40482502573824,1.24467371185303
1.40131907272612,12,10,4.30936731517203,-0.109896758323914
1.58054306832356,12,11,4.84843503915952,2.53970642796833
1.63599501018151,12,12,2.44833289733897,1.24415355941449
0.978897839031978,10,4,3.37011298764219,-2.91129876947711
1.24171302786433,10,5,6.0843179567291,-0.222352460496793
1.25971994111607,10,6,4.7208155698262,2.62835965513687
1.03226302690657,10,7,2.23676371131637,1.72193790840346
1.19619403801881,10,8,3.6476797074191,3.08657967937236
1.16810501742782,10,9,3.89887384601045,4.24585466388679
1.36640502306444,10,10,0.359538815242125,2.70689128265605
1.39831299709914,10,11,2.59650029673458,2.27633129917507
1.31186697257357,12,2,2.28361846614593,0.102375949457409
1.22266493289364,12,3,4.58912135054204,-0.426759919111476
1.40886697199625,12,4,4.33647489485428,1.18358139891921
1.57434106046467,12,5,7.99932353379941,1.30868462112336
1.45585892582579,12,6,9.63714224817567,0.451489103468464
1.87482500355412,12,7,2.14798475066577,-2.00040297991839
1.87394593893932,12,8,5.51993631887006,0.898548242476022
1.73372601971486,12,9,7.20598680908055,1.5935708204102
1.57605095936432,13,3,5.87566262355348,2.57046541915299
1.74201700676651,13,4,3.32848794460707,7.17380085079264
1.77882695357882,13,5,7.31780744543942,2.79312929174647
1.8711620489865,13,6,6.05766415828862,2.74829524864582
1.65639607570466,13,7,6.22847335264406,1.51828141072178
1.78303001147261,13,8,3.54022324441793,4.27727915787448
1.59482504261984,13,9,5.43866372217672,0.593475328696431
1.9950909716017,13,10,5.5513702182688,4.42400596051623
1.32470096550612,11,2,4.47571761558412,-2.19656643521013
1.34707405196653,11,3,3.89936623511321,0.47103134062427
1.56267004703937,11,4,0.515639206311935,3.21153962633416
3.20068904338973,11,5,6.21803311522777,1.02110462865645
1.83830093236022,11,6,3.75204185616834,7.95771312353575
1.87044895401606,11,7,5.47208088724222,6.36712075420896
0.825764661944783,11,8,1.88465858092058,3.51317096557954
1.84471406122957,11,9,2.73944327819616,9.86318261545923
1.1764730175564,12,3,3.92132467478837,3.19982856484093
1.32425902440044,12,4,2.02357970539566,1.38322899995295
1.23596594213775,12,5,4.42600299072376,0.109669235513158
1.59299398917136,12,6,0.305551537550202,5.13114735068129
1.72536596645315,12,7,3.29888678890606,3.64567494569253
1.82002902651087,12,8,2.25053714741688,-3.36138436450264
1.83614102498662,12,9,4.47722036404743,2.12497111706327
1.86107899624617,12,10,2.08453666480481,3.08442699261143
2.1116910532384,12,4,-0.712414949205717,2.94166349031354
2.170551971686,12,5,4.12207336897119,-0.601707674923708
2.13483906717662,12,6,3.64732870125206,2.76730874425401
2.07242991759505,12,7,5.43683767634677,1.517797896975
2.040540916293,12,8,5.44596192327762,4.58900699608909
2.01895808099345,12,9,6.64825204864154,1.9796867196471
2.16738200672513,12,10,5.95508148861857,-1.02564374654728
1.8734879551786,12,11,2.16695945689395,8.3997845507853
0.560979143857525,12,1,4.07626517014629,2.66148218360443
1.54636498345814,12,2,-0.857262381288082,1.99073724214361
1.53189805501614,12,3,3.73587175269093,4.38746073423659
1.59187905400479,12,4,1.4630366360093,3.97277726133429
1.68516806671009,12,5,0.685686049898876,-4.60800189984369
1.64817906831048,12,6,3.77664150785487,4.50910374850408
1.56597904859432,12,7,3.58390226882167,5.80028171202655
2.06842304791874,12,8,6.92561113308438,7.87650278202583
-0.384581932461741,15,2,7.67237992021912,3.46505152619921
1.88607001319929,15,3,3.14518162336982,1.64151257218358
1.98738500926952,15,4,2.61223500515192,-0.817364307628635
2.13666103143239,15,5,4.11358902742818,5.50506537106857
1.80423400433471,15,6,3.79274919867889,6.73880711014931
2.13012099145333,15,7,5.90121511326017,2.28152375714444
2.63141297153346,15,8,9.28679819606229,4.52869771791934
2.79311798498227,15,9,2.25301309280762,2.03922156037182
1.62484209643152,11,4,0.465179554365832,1.54232723231919
1.61687298366235,11,5,1.69890129329302,4.45055146369827
1.42961897347813,11,6,2.30228214224635,0.607453378406311
1.73645996771596,11,7,2.41023187302448,-0.910097101812006
1.71604207444312,11,8,3.3074021196961,5.09612403342256
1.8090210112228,11,9,8.36094039176058,4.78117030447236
1.79996096152311,11,10,1.92847855211758,-1.6308822783771
2.18385193861779,11,11,2.9422603933858,1.01022736854608
1.78447201344062,11,5,6.24554339617178,3.02533584325677
1.93485999175757,11,6,2.82208166984845,-0.630407599902156
2.02697610006974,11,7,1.03017227170687,1.08996496660233
2.10982205719341,11,8,1.84405995640284,-0.379133073606875
2.12883400062383,11,9,1.8878670893878,0.77976644632797
2.09446601932774,11,10,1.73535899492054,5.57830789237313
2.25672011230072,11,11,2.59848101451668,-5.4967765292428
2.91090102744199,11,12,2.61601494891214,-0.0989050890717724
1.46162502298381,12,2,1.26030307431304,2.12252453195937
1.6829049863993,12,3,0.908150358044816,2.904159346527
1.87282502284705,12,4,4.11050217095853,4.07009543430663
2.04386400011049,12,5,5.30672191827546,0.388540873859482
2.35037580549706,12,6,6.65789127341499,5.64136972404335
2.38713596208194,12,7,0.23011193000477,5.26169951018526
2.4108709955321,12,8,3.09294132354183,6.14834716988912
2.48011803598953,12,9,0.30626789837846,2.43892606597253
1.63032105380386,11,2,2.0746105302842,6.81814122949053
1.6835459803021,11,3,7.34052949749234,3.82948275097688
1.78101692415605,11,4,2.57709032251363,2.63509774028975
1.38163901680025,11,5,3.22410830109469,-3.63028938066603
2.03062390400801,11,6,4.60158822785635,4.30473571537732
1.81069801416225,11,7,3.33859775434171,3.31605896863557
2.01239801897737,11,8,3.56533235997694,5.21468723357703
2.32003308757202,11,9,3.654413295934,3.02112066510615
0.643500319530528,11,1,3.66334475465305,-0.182002838758879
0.897941611724477,11,2,0.113544326060318,1.65927249002501
1.27879703633289,11,3,2.13320533935626,4.39153027915412
1.33544899271431,11,4,2.30261694331446,4.1095117981512
1.52620005403201,11,5,4.13101559794221,1.16440776140013
1.43420399487904,11,6,3.15784284508128,1.36322016318213
0.0603747082376965,11,7,2.45988819874485,-0.123102598304121
1.39377600370381,11,8,3.36269773422096,-0.0665540619772766
1.38938794604781,15,1,3.93424191746137,1.97562955875589
1.24171302786433,15,2,3.62495300478421,4.31077995384009
0.985908805215025,15,3,4.92335563653523,7.07758828766882
1.14405402771715,15,4,4.44499318670534,3.50806875668924
1.65460099239351,15,5,6.45714172167212,2.56354317546196
1.64817906831048,15,6,2.18371727203421,-1.1006187646065
1.33305999986985,15,7,5.0603880615756,3.37797967898158
1.73818098683881,15,8,0.0224898480516709,2.59440450356045
2.36428997817467,15,2,5.5471503024999,3.57457227688069
2.33761810765733,15,3,4.32265839055531,1.49480479335933
2.41643997911883,15,4,4.93674297028286,-1.87154766253652
2.51386689105064,15,5,8.5494364044332,5.32938401879446
2.64762714646975,15,6,6.40094943555751,7.18878342335897
2.63621307426748,15,7,3.27572828949312,6.12466311952864
2.7187549667698,15,8,3.94278544489603,8.96103998280048
2.76874396562627,15,9,5.02972461170267,3.55306679753705
0.937174069110571,12,2,2.02412988716323,4.44277178226659
1.01882991932583,12,3,0.594948232057429,-4.37327007241796
1.11995898471426,12,4,0.82385877319784,-2.89595899533399
0.838389815593726,12,5,0.722293234482045,-0.70590760669037
1.24624802080747,12,6,3.45856985186725,5.94553975066578
1.1979780214676,12,7,3.59075893158353,4.13107353610557
1.25341798249828,12,8,5.04391362962127,-0.76278170079048
1.30146300615455,12,9,4.7328885569474,5.1528258820606
1.65445603806935,13,2,3.35159072203385,1.06185428797619
1.58954803373163,13,3,7.64726366885036,0.231926380889514
1.74877202417235,13,4,2.83913471455094,-1.33033373403542
1.87059196797101,13,5,2.23685856489167,2.40310361483521
2.05411006693549,13,6,5.28910291649425,-0.725787168189664
1.90389801207259,13,7,1.57100497628561,4.3426488771263
2.08387712740872,13,8,0.751522553263372,2.60902088891514
2.28229190199116,13,9,7.68451630767122,3.37076539647739
1.44799997492449,12,3,2.17981256714748,2.14241105032692
1.24171302786433,12,4,6.12485344188918,5.95604542362882
1.38034796630592,12,5,1.99848221545356,6.58596854227894
0.980969655654814,12,6,4.351778695355,3.88276651390074
1.39486396197623,12,7,4.40187541539925,8.05471737469407
1.40131907272612,12,8,3.50680105946868,0.0667700080897697
1.49458003931517,12,9,2.91042148855181,2.76091465012166
1.36245801932502,12,10,2.51362718694664,-1.76738160558276
1.00599095068644,11,2,6.41123020569504,7.6707868958112
1.63741005854402,11,3,3.69081255960287,4.60649333929522
1.57071897576994,11,4,3.72440628706134,-1.46380513712936
1.75798594383942,11,5,2.90620125002258,4.90877314733966
1.90385994523757,11,6,3.01804890579968,3.46615376881421
1.83358201902589,11,7,6.67685803784485,2.79973463847555
1.98545899518027,11,8,5.56470697546654,2.50617132884845
1.94857096309069,11,9,4.88212027105095,-1.41269935140623
1.07400800384339,11,2,2.76949316065264,0.0791173880079747
0.96676203451904,11,3,-0.47762907788045,4.47249952881187
1.32425902440044,11,4,6.67197729183002,-2.02805500811429
0.560657930430531,11,5,3.20334092750396,3.65227179602764
1.68254604062468,11,6,1.44951496763587,1.84439762702085
1.85874401203902,11,7,4.39255969315356,2.05947105798444
1.99101700756295,11,8,8.33189329522737,1.74666653703239
2.14876099483319,11,9,3.76458558585335,-3.34174386207172
1.16601601368597,12,4,3.60467874745362,3.3878916816435
1.86202892775315,12,5,7.18987716826153,3.89431259612874
1.8503520828154,12,6,6.62853948604761,2.49211429640312
1.83412095013081,12,7,1.47171249190695,-0.341531488690963
1.92838097835428,12,8,4.13577996173128,-1.65810667167085
1.8598500181889,12,9,5.60391912323186,-1.84450769544632
2.00925897618038,12,10,0.524404926729077,4.56628684217082
2.29861900846815,12,11,2.31190789330985,2.53124237706799
1.50862391235979,11,2,2.02994524470486,1.82016065982348
1.50613796124328,11,3,2.01409534920518,2.30643808986298
1.91480801033961,11,4,3.0931026826471,1.76654877795421
1.81990896170685,11,5,2.3925454153537,10.052726811445
1.69312802178201,11,6,4.37055248344526,4.31292230768633
1.68208002931818,11,7,3.04445971631265,5.44876487821333
1.71582200405927,11,8,5.47993241260743,-1.97050409121202
1.74714900542848,11,9,4.88889004122758,-2.6149287427634
2.02354193080312,12,4,8.43288195634273,1.58347548412138
2.00429390233635,12,5,2.93193120672452,-0.3958882414144
1.86106000893584,12,6,4.54331999317091,6.75756700753461
2.07115599867306,12,7,5.67958279070485,-0.112724830449308
1.99527707203747,12,8,6.34023099085763,5.29084374968233
1.99196899473132,12,9,3.5157912052799,5.89414175370725
2.02150394641569,12,10,1.83451546954986,6.69064519407156
1.99793805926086,12,11,4.60998912856327,5.15364096876415
-0.247380763864922,12,2,6.56341398895705,2.66298184471487
2.28353695360027,12,3,3.03118537136236,3.59143390667209
1.29470001654088,12,4,0.324636186324986,-0.423853883797137
1.15004597153407,12,5,6.37987562733826,4.10850909103541
1.57105101316139,12,6,2.09297931831957,6.42499372593034
-0.742699044749197,12,7,5.71155689843445,6.54117024769571
1.85125504606988,12,8,5.22246626712516,4.55931548324506
1.97286995964374,12,9,5.98119176184874,5.38204694793126
1.90495598806336,11,3,2.7591101076006,-1.23403091153193
1.87926194505335,11,4,-0.0636287568648837,3.28445802145598
1.74619600864688,11,5,5.73352872301498,1.87456315978845
2.09313510541181,11,6,3.15030656037266,3.37436219719238
1.84476396284539,11,7,3.37840572601465,2.7507792218223
1.67816195579001,11,8,5.27047704407804,-3.72645877757928
1.76562204339752,11,9,2.39061772096795,1.47240767670682
1.75984199968316,11,10,8.21628391497911,1.50014125042871
2.35905908934043,12,2,2.32951074438374,2.78718718201275
1.92309500898134,12,3,3.5152318421256,-3.35377775032351
1.40492699050989,12,4,5.5845603486891,1.20253844939398
0.799549837999338,12,5,5.91201460681823,-0.939728829342083
1.3140820180486,12,6,3.61065932926969,4.81504766695697
1.26134798300402,12,7,4.53239496680012,-1.66979232324165
1.49843300825513,12,8,4.32573589203288,2.94744856027718
1.55012902091481,12,9,-0.631750853212636,0.455031697208288
1.4838919455457,13,2,3.29326777209858,6.48039616331781
1.23398900679841,13,3,3.78683103298463,1.07476660137489
1.53261600241879,13,4,6.86891085797415,4.18620666748276
1.65847099947633,13,5,6.51613437271912,6.20476538954796
1.81627801788969,13,6,8.36346473238949,-1.27582065853917
2.01590298707571,13,7,6.23953627484115,4.78170211766319
2.35657192155923,13,8,6.65620624452827,-2.18433198178298
1.31665506646078,13,9,1.62178035817258,-0.414038818005171
0.894395777186865,10,2,2.20720508316555,-1.42589254600701
1.04335000544753,10,3,1.46489420534545,1.81605052493829
1.34246002154061,10,4,4.89038283317334,0.822732296927323
1.3110109330038,10,5,2.73162170328064,-1.0828092972411
1.01255907067932,10,6,4.56668266481481,0.831469973255468
1.32987405128474,10,7,2.11134443364423,5.80755099513854
1.8388880632779,10,8,-1.65460111695698,-0.806641102098077
2.21775386865271,10,9,3.63834194509461,1.94639674483011
2.00568009986216,12,5,5.05094731729532,1.48431765864197
1.75999699017336,12,6,2.19371945402501,-0.598672145953206
1.87321702169035,12,7,2.19455989546292,0.797588222140494
1.81697701718648,12,8,3.90898742110638,0.820283925442638
1.86956095955693,12,9,4.64479960966082,0.311126480474086
2.05844688820266,12,10,7.82201142724901,-2.86217174352871
2.23424694641367,12,11,4.30552218656172,1.37491281640097
2.22513386453574,12,12,2.64759089205697,3.05508072561799
2.00761506109766,12,3,0.722845896726215,4.59985224886944
2.2633640246407,12,4,4.11951886267246,4.96027856613232
2.24055004887453,12,5,4.09263708250032,2.6555851842194
2.34843704006628,12,6,1.98309760012858,8.24868620559171
2.48804497010517,12,7,2.99426009169291,5.44660753957605
2.46828603950164,12,8,4.21047036536015,2.12413870856071
2.34657594936393,12,9,5.82415976917888,1.17583548436694
2.49034500177486,12,10,3.44364972666379,1.83412294019483
1.67656599027366,12,4,0.993782654294677,-1.47085973974104
1.57243399477306,12,5,2.56641227439149,6.09914673133018
1.76470396428837,12,6,7.0415448353384,2.48673074020439
1.81502195398188,12,7,4.91459502357,-0.138620288711651
1.7721589785009,12,8,6.51207204316676,1.96706307654702
1.84600400109367,12,9,3.39564305637307,-4.29394822061422
1.84535506877597,12,10,6.05563333111754,-0.412666127725704
1.81228898913652,12,11,5.56692613384704,4.54154414477705
1.2965999881132,10,2,0.183238671067398,4.30533434610191
1.61466001349857,10,3,3.30936991182048,-0.0853667242400729
1.25057099645042,10,4,0.972155985153206,-0.00298762782163653
1.4918589659501,10,5,0.0176163208762268,-1.76753891207744
1.89057603990709,10,6,2.39123534912578,-2.67895442634369
1.94364293801646,10,7,0.523519999261268,1.32406956806351
2.05419589775832,10,8,6.01082803869044,3.13089943643688
2.03543211592274,10,9,4.59859644774143,4.80885638677252
1.46741797670962,12,2,2.63188276081499,3.26276787759271
1.96165797008581,12,3,4.79103301788503,3.61072048981136
2.07207296024172,12,4,2.95639673694208,3.94945814681724
2.10547094329631,12,5,4.64568130367321,2.0369296667547
2.05193089528439,12,6,6.84909376130916,-0.006780479843572
2.33326103798948,12,7,6.37810505033434,2.76944012243646
2.47103411965768,12,8,2.26323591697869,2.66067996435468
2.45414301452656,12,9,5.48167930660119,1.88065606581592
-0.0210810214939419,11,2,-1.21429258790583,-1.12972704485374
-0.148845613276578,11,3,5.20931877277668,1.73095176009812
0.180695235049371,11,4,3.64838288132861,1.45859114260444
-0.0361545187355658,11,5,-1.13543038293239,3.93108468177669
0.397348120986217,11,6,4.16710186067859,4.06620030327806
0.972621309819171,11,7,-1.44503373844936,8.287211685605
0.56309441620057,11,8,1.61572514179282,2.88187779231044
0.759069930710332,11,9,3.74931225462629,2.44155920705277
1.4620840683641,11,5,2.77599767410098,3.52629208464281
0.326793188253338,11,6,6.8748331228039,2.21120637887674
1.56396193826486,11,7,4.35391954706767,-5.55826993380757
1.11319300483397,11,8,2.90349565545739,3.86951719686349
1.20960297512743,11,9,8.23739928882775,1.37047184965905
1.12947202426406,11,10,3.10204731732071,0.254443557266477
1.35451397198058,11,11,2.54782051967131,-0.112447684037655
0.492243785803191,11,12,5.35623094584937,-0.534269589059368
2.16826701386997,12,4,7.4110970697969,3.39614318811425
2.48316905771555,12,5,2.14334442786035,-1.43386927379757
1.90022399246603,12,6,3.49949468548324,6.73693339116344
2.60296016737937,12,7,6.63160927211626,2.04855450843065
2.32879207054988,12,8,4.24405042068181,2.55243086985975
2.18977593830764,12,9,2.1948805298014,4.8737481532274
2.22854899364203,12,10,7.30609993096903,0.532080641812757
2.32311392712643,12,11,1.71830894071189,0.45624637646828
1.34263898135207,12,2,4.81315658678123,4.43032926646553
1.29577992831581,12,3,6.59710750707264,2.41390914898049
1.2337450109796,12,4,4.45689321298047,6.34824824314777
1.20411303449323,12,5,2.50009470905296,0.806982929431989
1.30785297481333,12,6,5.55923227931152,4.22542880309028
1.47827992961437,12,7,4.93468779014128,0.195200030878414
1.45821201126876,12,8,1.82133833924659,-2.2292322514605
1.64977000777335,12,9,4.66250536352984,2.92959420221358
1.18870402757891,10,2,5.1445443089426,-0.839466080201601
1.48573895969691,10,3,3.12416065746634,2.16681800117864
1.22340907040239,10,4,4.38052191670707,1.1558203805342
1.64744899042752,10,5,6.15328363142044,0.961757268554702
1.80032899572437,10,6,7.4273297803806,5.72075202235038
1.87132207705672,10,7,4.50838860138539,0.386554713543123
1.83220603328311,10,8,1.30680204517191,0.110792792697817
1.97556199828547,10,9,6.32242448965053,5.29395576270549
1.38737500201713,13,1,3.76540134995398,3.70915617472497
1.46485696628962,13,2,2.45479270863164,5.40668242721413
1.2735660475537,13,3,3.44741863058776,2.46136548116484
1.44304709685027,13,4,3.10185425155204,3.95752854055729
1.6312529839935,13,5,5.06623953051438,-3.87733306648874
1.94828293177857,13,6,4.77152958633522,2.40053003701379
2.06208493343846,13,7,4.28797635116015,-1.16476231559805
2.12776300078611,13,8,-0.0153638283414637,4.53465732037848
1.64645095971614,12,1,3.30298198696559,7.11940712470467
1.09486902472257,12,2,6.01537911226439,0.984093025088713
2.09291412745026,12,3,5.919637773438,-1.1239443299214
1.38771802223332,12,4,1.58299257303496,4.68612005362879
1.84506501102047,12,5,5.53085844550198,-1.43309973732187
2.171427007561,12,6,5.57678860584678,4.50317457026874
2.3419659856256,12,7,4.15697834253928,0.784310698831993
2.01588800195543,12,8,4.91849904685202,1.11096180878279
1.95722399120558,14,2,2.44346057754934,-0.247999319007252
1.72746506051484,14,3,4.75938681200484,6.93567584816539
2.05822804307263,14,4,3.96664826121486,1.83132040940053
2.39038605817686,14,5,2.1279060336881,1.93731678237786
2.42976094438495,14,6,5.34153560751461,7.40437789495933
2.62900807601225,14,7,4.35255392219611,3.2662983715518
2.34263901662336,14,8,3.00585889934297,4.80768301148741
2.40007498640479,14,9,6.79735627149905,1.92574866727778
1.0913250679206,12,3,4.1697693624177,0.332313824668356
1.44571809745603,12,4,2.4339201465512,-0.378246455834718
1.4505530540467,12,5,3.09945901870204,7.85242056364197
1.478549994179,12,6,4.97930368170347,1.99377020577651
1.54901504901307,12,7,4.83257976537083,-0.915203719741128
1.47827992961437,12,8,4.20821783303429,2.6926107648266
1.49458003931517,12,9,-0.792110318042534,1.39478588671475
1.58914491532629,12,10,3.25635136089279,8.2710159398631
1.05643705254043,12,2,2.5548590770025,7.76727096493601
1.02961898860964,12,3,2.8117954284749,0.776175658553603
1.38141701116254,12,4,6.5232846131066,-0.431336182421014
1.43772800440807,12,5,3.42225288951289,8.42964763268649
1.61800800406649,12,6,3.89160919969442,1.57539530847833
-0.593781689203551,12,7,3.35417911274113,0.899625732935642
1.64053401785625,12,8,2.17928098276546,8.05478926001815
1.64977000777335,12,9,2.45621647691946,6.50465765222528
1.64973904172761,9,3,0.575741776356224,0.261941710352803
-0.405465073108165,9,4,10.0260948308503,0.139667616970091
1.00580505720689,9,5,5.12686029824627,-0.610613255239629
1.15269398351785,9,6,5.70707533506113,-0.918578529828444
1.42109305191257,9,7,8.10025933656539,-0.360700154481308
1.27348497695271,9,8,7.13935595022151,3.78186343556403
1.23814997401548,9,9,-0.199419054898554,6.01657494479226
1.70692798726713,9,10,3.77114264696551,0.769538178872577
1.63738205258684,13,2,6.0961723416108,-1.53507859370221
1.71943903181507,13,3,8.14554694852544,3.82067949775887
1.92689204593955,13,4,2.88934014402436,5.10798799292676
1.9921319429538,13,5,4.22383026972646,-1.19140945733047
2.17656489487316,13,6,2.94148580334075,1.90954584422224
2.07110311089246,13,7,2.58836598411044,-2.87182257798528
2.40130092153319,13,8,6.11347523098192,3.81581097421119
2.3429170154486,13,9,4.92077509295861,3.08311151469813
2.03578591381419,12,5,1.88266993862284,6.99894263125935
1.92938103567551,12,6,6.65579187975871,-0.193888852295281
1.89880004778951,12,7,3.2317040768936,-0.120107761236431
2.08831498101223,12,8,0.44750209397321,1.02541500390146
2.02347304607688,12,9,9.04722608037105,0.132084759613544
2.01108409773033,12,10,1.94537130416773,4.3223077453996
2.07439803204011,12,11,2.45681757144131,-2.64170130289699
2.05523491098113,12,12,2.82597439744495,2.84287459558354
1.37909802952707,14,1,4.57295639901038,1.82264421194463
1.76317204837614,14,2,4.79472071473768,2.15817983432762
2.10806112872499,14,3,2.8545749915137,3.3583568884444
1.8113850383667,14,4,6.22920646007393,1.01325553100259
1.74317100471588,14,5,3.11586666313819,1.61880512264361
1.94735705891905,14,6,5.29507880606887,2.0801236802545
2.13733605189547,14,7,6.2296821750944,7.84521398530473
1.81289602670508,14,8,6.67521291330944,5.30077474052809
1.56788802806629,12,5,6.07082228664536,5.21895796266855
1.53905705671397,12,6,2.52442335099799,-0.733545880892428
1.28503796757511,12,7,2.99647505121955,-3.4760251856518
1.43772800440807,12,8,4.78997289308261,1.79411720206792
1.76258896708827,12,9,4.44829729794754,1.53532105496158
1.51464696380593,12,10,5.55771413595653,-1.57395719950998
1.49458003931517,12,11,4.89386892860019,4.31813402221163
1.30146300615455,12,12,5.31424449589025,2.69364571242022
0.90204116734575,11,2,3.00165924983852,2.34705768493331
1.07880997737188,11,3,4.68020873227578,1.20069320368292
1.56251593411827,11,4,3.0212518805637,1.21916662593043
1.84416700345311,11,5,2.78656783346793,7.21405243298758
1.90568995258495,11,6,5.51203422779435,-1.45380581986834
2.0623769792106,11,7,2.60532966673871,5.7181190804159
2.16646103946983,11,8,2.62677711770725,7.69719988127109
2.36025400983849,11,9,4.15182163853427,-0.333517527104649
1.22485602404236,11,2,2.29743638452697,1.63670232642747
0.934639911269624,11,3,4.06147295215691,5.83933995537822
1.1051230807207,11,4,5.70909741429074,3.96126880194549
1.44029497490878,11,5,6.66480224562307,-0.443869828633922
1.20827793394246,11,6,3.26431989176053,0.135164091305819
0.955031599150585,11,7,4.58954650168923,4.35370166230954
1.55400302188598,11,8,5.52120323027726,0.278583819203745
1.49483503969497,11,9,7.07018039199896,4.24985058106173
1.19726801739262,10,2,1.02634191129072,2.79639228026721
0.6295856753202,10,3,1.74088916334749,3.565730209951
0.583803687813905,10,4,2.8162713288321,8.77848029586849
0.92540994516756,10,5,0.686831698204689,1.74635792362202
1.11200204444699,10,6,0.833971827865335,6.84229027735565
1.07561401071512,10,7,1.21432988494086,-2.06437635549289
1.47622505192998,10,8,3.37561800630788,10.3451774112781
1.52857402268284,10,9,3.79138486393771,3.80388399001165
1.18668998305033,12,5,4.67680752463005,3.50927682787083
1.30625198052963,12,6,4.10850478288993,-5.03011655640421
1.73564097330951,12,7,5.0690758355887,5.20621154046898
1.68224797981656,12,8,4.0970391453174,2.82266855183361
1.87297794695146,12,9,3.62999511892365,7.26940781885544
1.90598299214368,12,10,4.64922361378004,-0.0785132315366992
2.02660799592445,12,11,1.27423069617697,1.29310632389587
2.00670196361695,12,12,1.09320742822469,-2.96020173730651
2.18573904822456,12,4,5.62836113197588,3.43793433145214
2.19001696479015,12,5,5.85530256308065,-2.16106740374241
2.18925590048691,12,6,5.15801969601582,3.30049002494926
2.1020629742716,12,7,4.09921865316922,-0.175233199949726
2.14336200857998,12,8,3.64399866722782,1.33054021173353
2.11379593830576,12,9,6.380693444555,-0.319573270193475
2.1791100623763,12,10,4.45125436131611,4.3222404775005
2.28229190199116,12,11,5.26785948105757,2.72024632604601
1.37873997345114,12,3,2.70208216166848,0.365137644541217
1.04982196449866,12,4,3.07135958280423,0.642573675234991
1.31242500280332,12,5,0.319153534611339,5.56119553127152
1.22837802928297,12,6,4.13794705942276,1.69125424545575
1.14355002588776,12,7,7.52075516038549,6.20129112548539
1.26699306724256,12,8,6.11526101360341,6.48564595481163
1.12623206010034,12,9,0.436250365220014,-1.52122711416931
1.06784794872457,12,10,3.8991884345362,-0.113235825936628
1.46252800813942,12,4,3.55514109425964,1.51931486056491
1.54750708164805,12,5,6.14358589580439,1.75987898178123
1.33505795985074,12,6,6.30900717384322,4.58929556843959
1.21932897252311,12,7,5.44562865808506,6.28135099075662
1.47832200018656,12,8,6.64665124860396,3.96034468919237
2.02129410067843,12,9,4.86929709080755,-0.786380877573358
1.73470402655698,12,10,4.30348031963046,3.89624336535354
1.78541005428823,12,11,1.7218549536969,9.3625523837995
1.60214995970493,12,2,3.45450707677948,4.02629450925153
1.63475594891836,12,3,6.22787630076511,1.46608009523956
1.73929403200907,12,4,4.1517718406497,1.99005834017172
1.78112103118343,12,5,5.30533947509665,2.02209587117253
1.80508694588493,12,6,3.40573630244567,-2.73750179171401
2.09965708616496,12,7,5.71429150531893,-0.350642408633604
2.06647205024467,12,8,3.99945020394064,-2.86066530811735
1.93007197036625,12,9,1.89832127841429,2.90242648641108
0.339826106108036,13,4,2.29293994478584,2.85166858244343
0.71219545477592,13,5,2.26165683287328,1.0345621841021
1.14432091612572,13,6,3.66727413259413,1.8483680201231
0.980790114745834,13,7,3.2554633234455,-0.0743306690311343
1.58879098401602,13,8,1.75664941302663,0.853233235224119
1.82145002654356,13,9,4.24090913648849,1.34737665425776
1.96491804887455,13,10,2.92699159065591,-0.673187803528144
1.98913099659701,13,11,5.93437538640253,6.64138167022354
1.91800294018227,13,3,3.74371634008988,3.05800095965319
1.84784899163667,13,4,8.26408397802141,2.41943679657629
1.97317300278255,13,5,5.29098500791825,-3.00382803373557
2.10127496091365,13,6,6.93988431849417,-2.45114524712639
2.0454520895893,13,7,4.76532915312121,3.49266394501028
2.11033896213521,13,8,4.09543291536537,3.25347582753786
2.08718606280964,13,9,1.74406261010441,3.3747316131066
2.07688809691275,13,10,5.70828476463987,7.50325790836368
1.71122601060041,12,4,6.49356739265839,3.35659354603948
1.65559402004432,12,5,4.73045473666369,4.62611816245271
1.68093399227917,12,6,2.35002639418674,3.58952187533273
1.56267092725712,12,7,6.60427965836861,-0.995539808937472
1.6412030168641,12,8,5.86748487003206,2.92690783757091
1.53585007883102,12,9,4.35546264583825,-2.49590658897195
1.56357303643408,12,10,5.60127881402403,2.36836483168174
1.61899804835925,12,11,4.71781161570904,5.51649312580971
0.948640586957791,10,2,3.56147410776223,2.30546818985291
1.06738601730566,10,3,1.90503701381263,7.2553772812054
1.275468940031,10,4,4.73628006906866,1.35681844622316
1.21972594940761,10,5,6.11128523207049,1.9762428257892
1.06944204392832,10,6,2.85770979674335,1.77693630080802
1.24468805394916,10,7,5.40668572973972,3.2862578233976
1.03027405999864,10,8,7.17764962295545,1.08939301978913
1.44160999753244,10,9,3.72086474846419,1.46384138051786
1.84004196487309,13,2,5.93767282724087,-0.200242400970571
1.7981489794287,13,3,8.36035670710545,2.02382049461726
2.09889885200803,13,4,1.58294314499301,-2.37239263099332
2.2670070851265,13,5,4.7641552432311,5.87488222447436
2.36942415336082,13,6,4.57278104312308,8.91179584303002
2.39605093669202,13,7,5.11479261336294,2.2349722699853
2.45283506064011,13,8,4.57684643009286,2.24182498278685
2.57775683659218,13,9,5.86864291194002,-1.10896202509692
1.21938708158941,12,2,5.95340472261027,-1.82541931089869
1.29518903352065,12,3,3.23552219617778,4.28900992013774
1.03936902067636,12,4,5.42723259046325,-1.22485052224623
1.11551594676882,12,5,6.52743058156272,1.83911290491676
1.23305095709344,12,6,-0.436916453875368,3.9546514471223
1.36049700227203,12,7,5.94222519699584,0.0446951853126736
1.57074704128975,12,8,1.42171256387001,4.13385060151205
1.58914491532629,12,9,7.12819538999747,1.1187139725172
2.1411469321965,11,3,6.18332127410937,-1.29054115588181
2.15615699710671,11,4,4.73260099066934,-0.424969087422582
2.26221107103576,11,5,3.85888144797325,4.14968273177002
2.28502603102193,11,6,5.13870147754079,-1.02289518932311
2.43631794032521,11,7,2.14189637941415,4.44999169836145
2.30957699259587,11,8,5.45613159377895,5.38756880987855
2.35203009033248,11,9,9.26446931108732,-1.2470774291716
2.31306409595667,11,10,2.88782176973966,2.56777979901611
1.5433100970372,9,6,5.06569723809074,6.1667694423495
1.56218503403517,9,7,1.3681695567892,9.16100838308504
1.50295100708196,9,8,4.71498256811675,0.557550032477652
0.880941981787698,9,9,1.40738732210431,0.764392567398679
0.231112673343886,9,10,4.48500481139918,3.53723022929448
1.20086705648006,9,11,5.61693312027959,3.45157567966855
0.90964618568882,9,12,5.16495760102201,4.49805102437778
1.02070105223938,9,13,4.1439950040745,5.66805740021661
0.754852441804623,12,4,3.76085804505062,-5.1038960076306
1.08866204881494,12,5,4.92979534636793,11.7241875462933
1.0171589643203,12,6,5.29127747199389,5.27400548840435
0.989703299432997,12,7,5.23755390256431,3.43692947267202
1.01001802320762,12,8,4.39804998263342,4.77065981758915
1.05376606194288,12,9,4.42213167596095,2.83624745096144
0.925013695959408,12,10,6.88975679194557,1.21664634561801
0.902428899061683,12,11,6.45808082480053,0.917075574548246
1.44799997492449,12,5,5.49174094110642,0.599769402432717
1.34707405196653,12,6,5.60830890160984,1.59093163042629
1.28503796757511,12,7,5.08214238727542,3.53928579562705
1.35071694907779,12,8,4.9854320519347,1.18617247978628
1.43568601102717,12,9,6.89152635932937,5.43260524026319
1.44053900349222,12,10,5.08102478720447,5.96182770314113
1.62811100007971,12,11,3.37210651239965,3.75663213190414
1.67875695738737,12,12,3.91452468809058,1.80399734272733
1.78832496138569,12,3,2.13139331123002,-0.374519827064015
1.6835459803021,12,4,0.507262765808372,4.23295893114331
1.87282502284705,12,5,3.69541868415104,8.45116481443458
1.6608719689142,12,6,4.21433572580052,-0.817183006106151
1.61800800406649,12,7,4.70657961412979,3.77607047078356
1.64817906831048,12,8,7.06714913879588,4.1084475896645
1.68873592442909,12,9,1.05839443513928,2.36837682608354
1.76099595427814,12,10,5.66663452631229,0.808675516735674
1.60214995970493,12,4,2.461782620664,6.49811996544923
1.57021705208081,12,5,3.16963299613158,0.0399157350283663
1.66768895247391,12,6,3.5524286560076,-4.16634260704027
1.35486697891969,12,7,6.24955752415951,6.15185683250345
1.51871001591539,12,8,7.38871479520717,9.06233856172174
1.51464696380593,12,9,-0.0888324174556008,5.25419788547861
1.7458939441294,12,10,5.03177753541193,-1.31466970062201
1.95205104083826,12,11,3.67648514672851,2.99793932223265
1.97862801998107,14,3,5.32805492974557,2.53883369034784
2.14907504958212,14,4,8.38944393290042,3.79255854060792
2.29770804952787,14,5,5.57090344227245,1.14358042824611
2.08575515630347,14,6,7.7220887754079,5.6125850374181
2.1864030687846,14,7,4.41483978076017,-2.89666260599139
2.01108409773033,14,8,9.43917951216341,8.52584013440395
2.03357600349451,14,9,0.93180606860349,2.49767403815948
1.90759900269214,14,10,5.54571668276862,0.720902371442746
1.10954500810669,10,2,4.83609052140136,-2.32289075535499
1.28193401179559,10,3,0.922372084299087,-0.30059039090479
1.25387800375529,10,4,5.31607575183195,1.77407588976629
1.26506803538847,10,5,5.45095905877324,3.66352870370777
1.26133296947939,10,6,6.11490268351224,5.22008894445684
1.27373600303467,10,7,1.2311483122192,0.687488475110825
1.37168206969596,10,8,2.37278335236987,5.31888794457269
1.52429697417372,10,9,0.223706222432343,5.76237932051019
0.624082056462837,13,2,0.850428017711891,0.296244379654021
1.26155104002835,13,3,8.45566101188077,0.815586574353359
1.62761899043544,13,4,3.78771455041277,-2.67179108400493
1.62229002903171,13,5,6.81654667744762,5.25929150446003
1.62027302007366,13,6,1.89557632944311,-3.50467944280123
1.59573195342994,13,7,8.62042393916238,4.38691276080592
1.71772298939049,13,8,7.23353864488538,6.49745217697241
1.63164398247977,13,9,5.36688577261668,5.20605141705728
1.89133500913366,12,2,3.9704120653762,6.17797404036707
1.78890598524556,12,3,6.57750318651888,6.78193033820687
1.83508504716633,12,4,2.54655251624176,3.04421391069329
1.88790599616629,12,5,4.36754670979671,-0.339166812457908
1.84700596856075,12,6,5.04812319145796,-1.35681444219737
1.88894401252722,12,7,2.75192950102062,6.74080706259763
1.92281103545649,12,8,2.93386776605757,3.08289216153312
1.83349093805115,12,9,4.29066589225484,-0.806973138178759
1.55487893360423,13,3,5.67658665492021,3.08534460217689
1.64717801078729,13,4,0.9229087591167,0.418638179098388
1.68649494896252,13,5,1.76167781372885,6.73282748935053
1.64053300969804,13,6,1.60303383920342,3.2417930172227
1.74317100471588,13,7,0.985235989079191,-1.97083541290413
2.0260560601944,13,8,5.56446002165804,0.797320796155812
1.94656503457098,13,9,3.07373975681424,10.8135597758781
1.97355699985539,13,10,3.60079741899613,-1.48521207402376
1.47925195758706,13,4,2.37549858406469,6.24057772229891
1.82571198682717,13,5,2.39206417741995,3.84435178539975
1.69149395199413,13,6,5.53147376219161,1.98471730539574
1.80879197242113,13,7,4.5213731860878,-1.74288389574876
1.98256696008689,13,8,3.18216967426905,1.54594528133561
1.9831140220608,13,9,2.05229000813089,1.53148625650884
2.82618399005228,13,10,4.51565633103967,6.10905077873118
2.41112491928348,13,11,4.80895158514426,2.6661465977284
1.3368500405368,9,3,2.84431564214882,3.36371987963664
1.49437900796082,9,4,2.97839059996417,4.01215023123268
2.04075407732414,9,5,8.40162264797041,3.2799914995525
1.99297298551814,9,6,2.46046367604965,3.1147745096826
1.93921300171495,9,7,3.47647256388364,1.40135382531488
2.08866311695614,9,8,6.35071218598394,3.44872949124898
2.28457685362049,9,9,5.86068783573688,2.45817750878925
1.93670404548202,9,10,1.49404982453375,0.523959619653206
2.29360197533935,13,3,2.7444175077792,-0.442772486074778
1.565736986097,13,4,1.46247019634008,1.60876625536576
1.8126529066033,13,5,3.71655935566638,6.16662038822716
1.89854301689538,13,6,4.01836236898937,1.19181501798147
2.00762107810533,13,7,5.79992000264704,4.26849576842565
2.1435570163146,13,8,6.63452205005537,8.19278892016746
3.39752598365415,13,9,4.34548922237885,2.54028025587202
2.07135010663379,13,10,0.418204511069944,0.930218728111475
0.378932682432489,9,4,1.67368445394531,-1.60106310122573
1.07514002448296,9,5,0.498948224139491,-3.28553881425203
0.74652267316742,9,6,0.301050307980047,0.726659971803413
1.20661601795692,9,7,3.125904246701,1.63964706504574
1.185724043953,9,8,5.7883502632716,-1.47281030607137
1.32739696553904,9,9,1.11986524255005,3.38916054413259
1.19823805202243,9,10,1.25235574118303,7.12692367050343
1.40865691977833,9,11,3.41770853722973,1.0109644786327
1.18403398055544,12,2,4.03812254121583,3.78650774314039
1.71866401507417,12,3,0.496667277654442,2.70884568222025
1.69649808156671,12,4,7.03522129573994,-0.861839764206923
1.72540995812651,12,5,5.11447716757292,2.96418632863834
1.97512399582875,12,6,3.03003090488081,9.71100802378633
0.9419308759026,12,7,2.87163183670973,3.59361669692471
1.42047204300145,12,8,5.65762748335377,1.64038065978361
1.64647807684111,12,9,2.18641278067045,1.27712037854996
1.16272403124867,9,6,1.07736947350202,3.34321668295376
1.2039730643259,9,7,2.08159854193987,0.721592919788874
1.08087694307188,9,8,2.41391603185803,-3.73294753670598
0.832566325056189,9,9,3.23183855462978,6.28453059164533
1.18223703471361,9,10,2.75390517062028,0.668964323883155
1.36049700227203,9,11,2.58422547848059,-0.384279590473292
1.3571770364128,9,12,1.44878514646762,1.7103461639766
1.38150596502809,9,13,4.23413740110909,3.2027565216024
1.66656097564922,15,2,4.34605541317529,-4.18545647718707
1.33750401070044,15,3,1.09562358436123,5.80591362046395
1.37246096943478,15,4,2.23980483634708,2.99361365090735
1.57787506523523,15,5,5.20181031554434,4.42017406673161
1.11450302612467,15,6,4.42972956744323,1.17933443392303
1.70801904592283,15,7,3.59750752652643,-1.67776176222466
1.80052698862425,15,8,5.9244655157777,1.68067588074101
1.9607089615988,15,9,5.05829854894756,6.52387926610668
1.30489901195585,12,3,2.25874816446695,1.51051787113961
1.31656098338299,12,4,2.03321958819051,7.15955018831354
1.7318099934076,12,5,2.12202721295715,4.37542860636639
1.53101602718461,12,6,4.48859588699112,3.22858270739991
1.92021797063686,12,7,8.30344736238808,2.87723883424068
1.57836608434601,12,8,6.92235901477846,2.71966683378595
2.05005693701501,12,9,4.49139767589826,-1.7578624846709
1.94650697092171,12,10,2.78344036143954,4.63646325939965
1.40020895261113,12,3,4.92127166090605,0.800633485279833
1.62593197442013,12,4,1.10901501955303,5.50636152564363
1.90771401940847,12,5,4.99430078101646,2.37450319589483
1.70505097363795,12,6,1.10375557749222,3.3826909874283
1.81867896632324,12,7,6.64673527831473,1.35881120826018
1.7729090104755,12,8,3.72065943430346,1.51631953717987
1.72342099072216,12,9,6.67044973908628,3.33693249410427
2.0434010273295,12,10,8.37310776273492,1.8725549841919
1.45810293811821,14,1,8.17031497529503,-0.327963524651766
1.76007901804695,14,2,5.14669104604681,8.93121266755033
1.78867800973795,14,3,3.83955445084175,4.93991046855922
2.05292795493445,14,4,5.96187280525258,2.99934801634082
2.43647793278867,14,5,5.93708735692056,-1.31662914505537
2.90142302265316,14,6,5.11194758781693,-0.0459504015147858
3.07957007841985,14,7,2.82936705763947,5.30927060508432
2.6246990989442,14,8,4.49836212017113,0.652001324452659
2.06857610099136,12,4,3.54867811156736,1.51934564394254
2.15800404284959,12,5,6.26674260298201,0.861697787533524
2.20132902035171,12,6,5.73355682650488,0.262394232158954
2.09265393483163,12,7,4.40983637300896,2.70142544027698
2.47553899331381,12,8,4.863485035972,1.59863660599585
2.21698588569599,12,9,4.94908203179224,-3.13022150004428
2.26726508060605,12,10,5.78680330034367,1.44613586223943
2.27717709632749,12,11,3.78709593263523,2.70147137282063
1.86393593436536,12,5,6.9889629554253,3.54992141032542
1.61710591799092,12,6,3.74078480043761,2.44133418380034
1.86696004189544,12,7,1.31472979490687,4.59744180702603
1.78238700121333,12,8,3.43253444865013,4.61078822103985
1.86883198563207,12,9,1.89835404863122,6.38469683633959
1.80332100963654,12,10,1.33322054490982,-0.738990361074548
1.66559394850571,12,11,5.79530079723948,-1.30402817805582
1.71697902486172,12,12,3.91163677985769,2.39053118229374
2.1411469321965,15,2,2.99692049747859,-0.266768571153893
2.20148899399502,15,3,9.22462960205581,1.20807463552833
2.18112610052949,15,4,4.11378208673575,-1.43921815665887
2.2670070851265,15,5,4.04445384279824,5.62626442471197
2.42150303995045,15,6,6.18421201271321,3.59316986571658
2.43093802550873,15,7,0.645679658179038,0.818866631217737
2.58362291622712,15,8,4.34637747143693,-2.56443217845031
2.64953588020032,15,9,5.77747703530924,3.5489404360718
1.51565803711635,12,4,4.89939141719539,1.48469681576493
1.29376698073511,12,5,2.37229186364791,-0.505378558889871
1.36768902528415,12,6,3.61759169617008,-0.987883861524948
1.67621306793918,12,7,1.47463336484162,6.14826744753954
1.97554197220913,12,8,4.40511696232469,2.99846342521433
2.13368698917214,12,9,5.05891634128175,0.068926080642929
2.11361911484142,12,10,7.81844595960622,0.982475354963411
2.18385193861779,12,11,2.51907184250464,2.53134715364521
0.591132284293215,12,1,1.9275531124474,0.277333527198052
0.688989248327945,12,2,5.21501295438763,-0.698042574020774
0.846783342331201,12,3,3.44320467256346,1.39116942060405
1.19252203377591,12,4,2.91792583673066,3.56629251230125
0.961811175375962,12,5,4.63064684561343,-2.83950876030022
0.886131932870547,12,6,1.3944429929257,5.50469171928734
1.00011803507676,12,7,4.49452169834589,-2.2357643115292
1.72340908772877,12,8,6.12049168639777,3.57149010942023
0.483651509295035,10,2,4.94711054104584,5.60791676764082
0.0304591734847079,10,3,4.3461368546928,4.93651490105714
0.687682224854884,10,4,3.38362488447735,2.70492634306894
0.675587965930701,10,5,5.23522906822158,-1.37584708830178
0.646537165637143,10,6,2.62961757470116,7.61221104572295
0.955031599150585,10,7,0.101082226474067,3.37339632913531
1.56357303643408,10,8,1.25700369988667,0.802522751607906
1.30146300615455,10,9,4.73466763505369,-0.513195947053491
1.63032105380386,12,3,7.53735542387783,-1.42702365336313
1.93485999175757,12,4,2.32468705429575,2.89314412978122
1.92689204593955,12,5,5.02630533851246,3.35106830920599
1.62004996489528,12,6,1.50467228981129,0.983115498031921
2.0454520895893,12,7,2.63112052469887,0.666393483413139
2.13368698917214,12,8,5.41903518515883,4.71425839084008
1.94656503457098,12,9,5.6587357414022,4.71277113340109
2.03543211592274,12,10,2.0683391888374,6.75630805563881
1.97824299190282,14,2,-1.96202911263724,3.5640504363512
1.74381003404694,14,3,4.36942893946167,1.57072267608419
1.92939496390922,14,4,1.00483152097722,5.41547750715193
2.06103207248809,14,5,4.85444179756242,5.74392050535633
2.26456500280448,14,6,4.83878450470697,2.10595620068237
2.15273496253385,14,7,5.40300261078416,4.39834433689696
2.28950998510632,14,8,2.80090536913818,4.69632424560838
2.31306409595667,14,9,-1.0286237406028,-0.818250804652159
1.60273298455895,12,4,5.73529849419967,-0.48208895337643
2.1994009295849,12,5,5.62415003609485,-6.24844998222177
1.60824395995642,12,6,5.16507879373644,-0.697383724668986
1.37800893154911,12,7,0.547117149742869,0.908153736374496
1.85439704408658,12,8,1.8009068295514,3.97141601485206
1.51464696380593,12,9,2.87056741361692,0.812256273179386
1.66163396521265,12,10,2.79421452181307,7.95086291441094
2.37475802273163,12,11,6.49922541467426,5.64095629345745
1.74022100443782,13,3,3.98122009650454,0.261761768124753
1.85375800169882,13,4,2.5372280489057,4.06986543117248
1.92599997911949,13,5,3.00215235974347,-0.668307406846688
2.01076390621507,13,6,5.25807076287755,0.216349025168216
2.01682308270924,13,7,5.57999630555051,1.59473129427895
2.04667497066985,13,8,9.20283099492367,2.81759242237004
2.23849202995861,13,9,4.65936150265756,0.993059944706961
2.24572202141863,13,10,5.17381343870919,5.25311952027349
0.916347290274699,11,2,2.29187587428696,1.0847224459374
1.44923394839374,11,3,4.00284310132754,1.05248439866991
1.92689204593955,11,4,-1.38456509771965,1.4964955300748
2.04386400011049,11,5,2.05628781494483,4.97816966120377
2.1486360778311,11,6,4.10432567239867,7.51953938529753
2.171427007561,11,7,3.70561965632252,6.86859086039943
2.2399130103094,11,8,4.04686053244588,6.31268408558767
2.28229190199116,11,9,5.7219405066765,4.93702711864054
1.97862801998107,12,3,-0.942407124125588,0.274262950522972
1.93485999175757,12,4,3.68264778257786,-0.40518239696368
1.81855502355718,12,5,3.01343326685365,4.71894545284291
1.94354107358221,12,6,3.39656707148898,0.950091408371574
1.86663696783938,12,7,4.7218287118129,2.37922597170981
2.01939705389686,12,8,3.79917329961805,5.81137475805563
1.94308499062218,12,9,2.6746074725172,0.0179314602808924
1.55318406111879,12,10,1.4764978269862,2.53003113308884
1.49635308539125,8,7,2.53889787308268,1.58690195848888
1.77806103935257,8,8,2.04026029830093,-5.93325619000736
1.83270208047382,8,9,1.15753664422189,-0.702002655633958
1.97295907742856,8,10,4.17614516456213,4.90754231586684
1.02862002509807,8,11,-0.120325970507362,7.24235223178779
1.49384197084292,8,12,3.72824912650988,0.412009092563503
1.34042894071459,8,13,3.41352796632374,4.20372244479995
1.90029999827939,8,14,1.93939234644759,0.72487120701419
1.79099400967196,12,3,4.88632057879042,0.133273410201135
1.84711003508034,12,4,4.39941138851397,5.14518197451928
1.68065001560379,12,5,8.04971616923286,1.84290487948238
1.77776006660333,12,6,5.20106187771589,1.45255460589101
1.78945304480828,12,7,5.39220854842076,1.98121250960935
1.79336091955501,12,8,5.23468784536505,3.71030460625391
2.19209103433415,12,9,0.0592198828157198,-0.345665850125723
1.84447503004836,12,10,2.50692607840866,4.3950669807345
1.69604393894699,12,4,5.61337409124874,1.62734173215596
1.58609104292518,12,5,1.71929761770273,-2.91618134285752
1.56267004703937,12,6,0.557438544990542,-2.9249552064941
1.5774899478157,12,7,2.16957978383617,9.89079355284082
